YEAR,SEASON,P_Fuel_Real
1987,JFMA,1.126128982
1987,MJJA,1.193864043
1987,SOND,1.218517776
1988,JFMA,1.102609802
1988,MJJA,0.992170369
1988,SOND,0.95042966
1989,JFMA,1.151955904
1989,MJJA,1.040677249
1989,SOND,1.319286796
1990,JFMA,1.258973238
1990,MJJA,1.165362175
1990,SOND,1.749252381
1991,JFMA,1.305035816
1991,MJJA,1.109832663
1991,SOND,1.186270087
1992,JFMA,1.03118738
1992,MJJA,1.136504152
1992,SOND,1.119827889
1993,JFMA,1.049879475
1993,MJJA,0.970890649
1993,SOND,0.925675909
1994,JFMA,0.935572619
1994,MJJA,0.900017334
1994,SOND,0.879442785
1995,JFMA,0.861589384
1995,MJJA,0.867027844
1995,SOND,0.92666276
1996,JFMA,1.10836123
1996,MJJA,0.990501339
1996,SOND,1.235234785
1997,JFMA,1.058262474
1997,MJJA,0.933448325
1997,SOND,0.938670805
1998,JFMA,0.757098318
1998,MJJA,0.640660448
1998,SOND,0.622172867
1999,JFMA,0.619307582
1999,MJJA,0.804286601
1999,SOND,1.050467788
2000,JFMA,1.405536839
2000,MJJA,1.327541825
2000,SOND,1.612986692
2001,JFMA,1.282318377
2001,MJJA,1.194280761
2001,SOND,0.975859995
2002,JFMA,0.952394938
2002,MJJA,1.070930495
2002,SOND,1.216097682
2003,JFMA,1.499179562
2003,MJJA,1.210301841
2003,SOND,1.269159913
2004,JFMA,1.431415549
2004,MJJA,1.620877333
2004,SOND,2.02849139
2005,JFMA,2.137970767
2005,MJJA,2.382254002
2005,SOND,2.636138142
2006,JFMA,2.57968302
2006,MJJA,2.787784045
2006,SOND,2.365521844
2007,JFMA,2.395166025
2007,MJJA,2.755746336
2007,SOND,3.320424497
2008,JFMA,3.952210222
2008,MJJA,4.889983343
2008,SOND,2.844336426
2009,JFMA,1.82357768
2009,MJJA,2.278682818
2009,SOND,2.572136375
2010,JFMA,2.802498211
2010,MJJA,2.70288658
2010,SOND,3.033457857
2011,JFMA,3.840021526
2011,MJJA,3.91117392
2011,SOND,3.857637569
2012,JFMA,4.094064796
2012,MJJA,3.670647018
2012,SOND,3.926350999
2013,JFMA,3.797101182
2013,MJJA,3.59356354
2013,SOND,3.730174711
2014,JFMA,3.737391249
2014,MJJA,3.505636196
2014,SOND,2.841017708
2015,JFMA,2.12308797
2015,MJJA,2.014201659
2015,SOND,1.59375734
2016,JFMA,1.302908537
2016,MJJA,1.64619339
2016,SOND,1.755500592
2017,JFMA,1.851116571
2017,MJJA,1.721349829
2017,SOND,2.115492451
2018,JFMA,2.303423503
2018,MJJA,2.502609693
2018,SOND,2.434931942
2019,JFMA,2.251126585
2019,MJJA,2.166705119
2019,SOND,2.217115677
2020,JFMA,1.550940664
2020,MJJA,1.223776883
2020,SOND,1.326079845
2021,JFMA,1.827863467
2021,MJJA,2.064034533
2021,SOND,2.34283939
2022,JFMA,3.339103802
2022,MJJA,3.992053255
2022,SOND,3.5445
