"YEAR","SEASON","SIZE","CPUE","tailmp","YEAR2","GULF","Price_GOM","LBS_Imports","logcpue","tail10mp","imp_10mp","imp_100mp","SEAS_SIZE","tempbotm","salbotm","tempbotm_std","salbotm_std","hrate","QUAD","P_Fuel_Real"
1987,"Summer","Large",7.14587041101213,6.71737977735683,1987,"GULFWIDE",12.5899917441796,NA,1.96653462495766,0.671737977735683,NA,NA,"Summer_Large",18.744471637086,10.4313479615951,-1.58666444425908,0.518725082311984,0.377682781120412,"MJJA",1.193864043
1987,"Summer","Medium",61.588251470677,32.7194132783767,1987,"GULFWIDE",6.08983897957365,NA,4.12047112947093,3.27194132783767,NA,NA,"Summer_Medium",18.744471637086,10.4313479615951,-1.58666444425908,0.518725082311984,0.21344699843549,"MJJA",1.193864043
1987,"Summer","Small",135.941807538982,33.1699600876773,1987,"GULFWIDE",3.46223983102226,NA,4.91222690842405,3.31699600876773,NA,NA,"Summer_Small",18.744471637086,10.4313479615951,-1.58666444425908,0.518725082311984,0.0980334592891384,"MJJA",1.193864043
1987,"Fall","Large",8.5848582505894,10.622314411265,1987.5,"GULFWIDE",12.0793895597091,NA,2.14999998292476,1.0622314411265,NA,NA,"Fall_Large",18.744471637086,10.4313479615951,-1.58666444425908,0.518725082311984,0.49712824900309,"SOND",1.218517776
1987,"Fall","Medium",23.5373169544311,7.64637899895229,1987.5,"GULFWIDE",6.22272095995808,NA,3.15858711718962,0.764637899895229,NA,NA,"Fall_Medium",18.744471637086,10.4313479615951,-1.58666444425908,0.518725082311984,0.130521267857152,"SOND",1.218517776
1987,"Fall","Small",17.2342136269351,1.55534427195328,1987.5,"GULFWIDE",4.03600829559881,NA,2.84689657240833,0.155534427195328,NA,NA,"Fall_Small",18.744471637086,10.4313479615951,-1.58666444425908,0.518725082311984,0.0362591384942036,"SOND",1.218517776
1988,"Summer","Medium",40.0215630621078,32.816615646671,1988,"GULFWIDE",5.28614926542636,NA,3.68941838541706,3.2816615646671,NA,NA,"Summer_Medium",19.7334897973313,11.4331667829302,-0.664140636666931,0.856665335948532,0.329444425552213,"MJJA",0.992170369
1988,"Summer","Small",65.9379536171974,23.8431624881257,1988,"GULFWIDE",2.83796100605314,NA,4.18871420314924,2.38431624881257,NA,NA,"Summer_Small",19.7334897973313,11.4331667829302,-0.664140636666931,0.856665335948532,0.145281666450935,"MJJA",0.992170369
1988,"Fall","Large",10.5312764352957,10.8087014478752,1988.5,"GULFWIDE",12.5584041151657,NA,2.35434953772593,1.08087014478752,NA,NA,"Fall_Large",19.7334897973313,11.4331667829302,-0.664140636666931,0.856665335948532,0.412358477507542,"SOND",0.95042966
1988,"Fall","Medium",15.67991897669,5.51691034329667,1988.5,"GULFWIDE",5.92203308328633,NA,2.75238084760597,0.551691034329667,NA,NA,"Fall_Medium",19.7334897973313,11.4331667829302,-0.664140636666931,0.856665335948532,0.141362602178997,"SOND",0.95042966
1988,"Fall","Small",10.2810238838933,0.720080044745491,1988.5,"GULFWIDE",3.55275304925539,NA,2.33029985466782,0.0720080044745491,NA,NA,"Fall_Small",19.7334897973313,11.4331667829302,-0.664140636666931,0.856665335948532,0.0281401771193747,"SOND",0.95042966
1989,"Summer","Large",19.721986874617,8.31618564404666,1989,"GULFWIDE",10.1603157047673,NA,2.98173409839004,0.831618564404666,NA,NA,"Summer_Large",19.8640544203902,12.6190502309571,-0.542354224604311,1.25669550575061,0.169416587326142,"MJJA",1.040677249
1989,"Summer","Medium",187.265477978117,36.5678534777813,1989,"GULFWIDE",5.11980548744016,NA,5.23252727841042,3.65678534777813,NA,NA,"Summer_Medium",19.8640544203902,12.6190502309571,-0.542354224604311,1.25669550575061,0.0784556389563002,"MJJA",1.040677249
1989,"Summer","Small",104.877098552171,28.7755001766216,1989,"GULFWIDE",2.51462103845419,NA,4.6527891746198,2.87755001766216,NA,NA,"Summer_Small",19.8640544203902,12.6190502309571,-0.542354224604311,1.25669550575061,0.110236302100157,"MJJA",1.040677249
1989,"Fall","Large",16.646351965429,13.0119615266943,1989.5,"GULFWIDE",8.85794163390862,NA,2.81219109124485,1.30119615266943,NA,NA,"Fall_Large",19.8640544203902,12.6190502309571,-0.542354224604311,1.25669550575061,0.314055292463735,"SOND",1.319286796
1989,"Fall","Medium",38.179625854383,9.12915061718908,1989.5,"GULFWIDE",5.89339168953183,NA,3.64230201873107,0.912915061718908,NA,NA,"Fall_Medium",19.8640544203902,12.6190502309571,-0.542354224604311,1.25669550575061,0.0960685250970235,"SOND",1.319286796
1989,"Fall","Small",15.5872498348054,1.15542976955331,1989.5,"GULFWIDE",3.07473626443988,NA,2.74645326178709,0.115542976955331,NA,NA,"Fall_Small",19.8640544203902,12.6190502309571,-0.542354224604311,1.25669550575061,0.0297821794105452,"SOND",1.319286796
1990,"Summer","Large",12.7241418482513,10.4664894841967,1990,"GULFWIDE",8.57265311491896,20383623.30554,2.54350112191115,1.04664894841967,2.038362330554,0.2038362330554,"Summer_Large",19.8895689171246,6.6930563891097,-0.518555136152361,-0.742300539555987,0.330487439615023,"MJJA",1.165362175
1990,"Summer","Medium",133.253868343756,35.6475771015084,1990,"GULFWIDE",4.69183072247511,12189399.0955,4.89225609334694,3.56475771015084,1.21893990955,0.121893990955,"Summer_Medium",19.8895689171246,6.6930563891097,-0.518555136152361,-0.742300539555987,0.107481225753321,"MJJA",1.165362175
1990,"Summer","Small",133.501819039748,40.4141643858711,1990,"GULFWIDE",2.31713756835269,3779532.18478,4.89411510351338,4.04141643858711,0.377953218478,0.0377953218478,"Summer_Small",19.8895689171246,6.6930563891097,-0.518555136152361,-0.742300539555987,0.121626676437033,"MJJA",1.165362175
1990,"Fall","Large",13.021095693464,12.3173138400001,1990.5,"GULFWIDE",10.121152066617,104336611.12314,2.56657078788355,1.23173138400001,10.433661112314,1.0433661112314,"Fall_Large",19.8895689171246,6.6930563891097,-0.518555136152361,-0.742300539555987,0.380058890012581,"SOND",1.749252381
1990,"Fall","Medium",35.7158978911478,8.40505368169431,1990.5,"GULFWIDE",5.87198459467529,70098981.57262,3.57559590874025,0.840505368169431,7.009898157262,0.7009898157262,"Fall_Medium",19.8895689171246,6.6930563891097,-0.518555136152361,-0.742300539555987,0.0945499574828087,"SOND",1.749252381
1990,"Fall","Small",26.8299531831329,0.71930936977849,1990.5,"GULFWIDE",3.31075264722307,17574337.7689,3.28951891949128,0.0719309369778491,1.75743377689,0.175743377689,"Fall_Small",19.8895689171246,6.6930563891097,-0.518555136152361,-0.742300539555987,0.0107715504944669,"SOND",1.749252381
1991,"Summer","Large",28.1726738311641,10.6108380057583,1991,"GULFWIDE",9.45743851223052,59778055.24724,3.33835249506809,1.06108380057583,5.977805524724,0.5977805524724,"Summer_Large",20.6399035814393,5.02153416079434,0.181332509308297,-1.30614964457005,0.151322684101331,"MJJA",1.109832663
1991,"Summer","Medium",163.164703739858,27.3423279699856,1991,"GULFWIDE",5.29812880233018,34243125.66818,5.09476014303514,2.73423279699856,3.424312566818,0.3424312566818,"Summer_Medium",20.6399035814393,5.02153416079434,0.181332509308297,-1.30614964457005,0.0673273762948068,"MJJA",1.109832663
1991,"Summer","Small",188.499514351502,29.6999205320081,1991,"GULFWIDE",2.75220541657956,4660293.30712,5.23909543050014,2.96999205320081,0.466029330712,0.0466029330712,"Summer_Small",20.6399035814393,5.02153416079434,0.181332509308297,-1.30614964457005,0.0633034632955729,"MJJA",1.109832663
1991,"Fall","Large",18.2822381976969,12.4879838019052,1991.5,"GULFWIDE",8.90923640938927,89669752.66568,2.90592999822983,1.24879838019052,8.966975266568,0.8966975266568,"Fall_Large",20.6399035814393,5.02153416079434,0.181332509308297,-1.30614964457005,0.274438718509745,"SOND",1.186270087
1991,"Fall","Medium",45.7447305443982,6.60304838164396,1991.5,"GULFWIDE",5.66122882462061,106990393.78808,3.82307660573046,0.660304838164396,10.699039378808,1.0699039378808,"Fall_Medium",20.6399035814393,5.02153416079434,0.181332509308297,-1.30614964457005,0.0579943686229869,"SOND",1.186270087
1991,"Fall","Small",29.1461287712907,1.45164641335001,1991.5,"GULFWIDE",3.33127362657706,21049713.96462,3.372322100248,0.145164641335001,2.104971396462,0.2104971396462,"Fall_Small",20.6399035814393,5.02153416079434,0.181332509308297,-1.30614964457005,0.020010704792148,"SOND",1.186270087
1992,"Summer","Large",9.45392859910533,4.36900738448302,1992,"GULFWIDE",9.78433680553042,47695941.77942,2.2464303798891,0.436900738448302,4.769594177942,0.4769594177942,"Summer_Large",20.1846438172134,3.9874872907309,-0.243318915730205,-1.65496128006681,0.185674763667818,"MJJA",1.136504152
1992,"Summer","Medium",54.9124315896693,22.2825090419081,1992,"GULFWIDE",5.27007850286719,50755991.81796,4.00573976349496,2.22825090419081,5.075599181796,0.5075599181796,"Summer_Medium",20.1846438172134,3.9874872907309,-0.243318915730205,-1.65496128006681,0.163033118273672,"MJJA",1.136504152
1992,"Summer","Small",60.3378909338987,22.1974889327821,1992,"GULFWIDE",3.34190966430881,10377902.52466,4.09996028008555,2.21974889327821,1.037790252466,0.1037790252466,"Summer_Small",20.1846438172134,3.9874872907309,-0.243318915730205,-1.65496128006681,0.147807387700687,"MJJA",1.136504152
1992,"Fall","Large",14.9146599608939,12.1414743179632,1992.5,"GULFWIDE",9.61389512435446,96985817.20498,2.70234461924178,1.21414743179632,9.698581720498,0.9698581720498,"Fall_Large",20.1846438172134,3.9874872907309,-0.243318915730205,-1.65496128006681,0.327069832276483,"SOND",1.119827889
1992,"Fall","Medium",37.3007549468887,8.04572442883319,1992.5,"GULFWIDE",5.34944559516089,122804999.46374,3.61901356630792,0.804572442883319,12.280499946374,1.2280499946374,"Fall_Medium",20.1846438172134,3.9874872907309,-0.243318915730205,-1.65496128006681,0.0866622481029756,"SOND",1.119827889
1992,"Fall","Small",16.648152274738,1.90915308007694,1992.5,"GULFWIDE",3.40282759475462,26127048.62328,2.81229923577812,0.190915308007694,2.612704862328,0.2612704862328,"Fall_Small",20.1846438172134,3.9874872907309,-0.243318915730205,-1.65496128006681,0.0460741287882342,"SOND",1.119827889
1993,"Summer","Large",6.63917350400357,3.71286139165064,1993,"GULFWIDE",9.68624084782594,41255023.19532,1.89298748345241,0.371286139165064,4.125502319532,0.4125502319532,"Summer_Large",20.4215850342753,4.67821883500508,-0.0223078943702346,-1.42195907617957,0.224686581709578,"MJJA",0.970890649
1993,"Summer","Medium",38.5517030493375,16.9236119526854,1993,"GULFWIDE",4.69304570072945,45850524.92526,3.65200027670766,1.69236119526854,4.585052492526,0.4585052492526,"Summer_Medium",20.4215850342753,4.67821883500508,-0.0223078943702346,-1.42195907617957,0.176372921846501,"MJJA",0.970890649
1993,"Summer","Small",59.1951797924563,31.251177401142,1993,"GULFWIDE",2.55240244206907,9824913.28082,4.08084011615025,3.1251177401142,0.982491328082,0.0982491328082,"Summer_Small",20.4215850342753,4.67821883500508,-0.0223078943702346,-1.42195907617957,0.212110642392363,"MJJA",0.970890649
1993,"Fall","Large",9.66651828429478,9.6599860067035,1993.5,"GULFWIDE",9.72021935763151,101128930.91092,2.26866819130001,0.96599860067035,10.112893091092,1.0112893091092,"Fall_Large",20.4215850342753,4.67821883500508,-0.0223078943702346,-1.42195907617957,0.401503041536201,"SOND",0.925675909
1993,"Fall","Medium",33.9192602734498,6.56173810175156,1993.5,"GULFWIDE",5.6129027756598,93012185.86616,3.52398300270978,0.656173810175156,9.301218586616,0.9301218586616,"Fall_Medium",20.4215850342753,4.67821883500508,-0.0223078943702346,-1.42195907617957,0.0777239634811765,"SOND",0.925675909
1993,"Fall","Small",31.0564011911606,0.649131295937703,1993.5,"GULFWIDE",2.80837868563889,24242870.14028,3.43580494465725,0.0649131295937703,2.424287014028,0.2424287014028,"Fall_Small",20.4215850342753,4.67821883500508,-0.0223078943702346,-1.42195907617957,0.00839776734317797,"SOND",0.925675909
1994,"Summer","Large",11.2102549065887,5.51132667262915,1994,"GULFWIDE",10.8613688089981,47329723.53274,2.41682897603951,0.551132667262915,4.732972353274,0.4732972353274,"Summer_Large",21.4212445094792,9.48243157847993,0.910141783936921,0.19863023446068,0.197525461303457,"MJJA",0.900017334
1994,"Summer","Medium",88.4633215171126,22.2137154211208,1994,"GULFWIDE",7.16914108424744,47479904.45176,4.48258801997303,2.22137154211208,4.747990445176,0.4747990445176,"Summer_Medium",21.4212445094792,9.48243157847993,0.910141783936921,0.19863023446068,0.100888201745483,"MJJA",0.900017334
1994,"Summer","Small",133.711769354944,21.9947786917798,1994,"GULFWIDE",3.00582662053682,16169161.48254,4.8956865083185,2.19947786917798,1.616916148254,0.1616916148254,"Summer_Small",21.4212445094792,9.48243157847993,0.910141783936921,0.19863023446068,0.0660894868558822,"MJJA",0.900017334
1994,"Fall","Large",14.9174055262332,11.8112138407078,1994.5,"GULFWIDE",10.7633585365074,92882163.99242,2.70252868731097,1.18112138407078,9.288216399242,0.9288216399242,"Fall_Large",21.4212445094792,9.48243157847993,0.910141783936921,0.19863023446068,0.318114639319428,"SOND",0.879442785
1994,"Fall","Medium",35.7913493271969,6.25221156996301,1994.5,"GULFWIDE",7.27604909512476,87981216.57072,3.57770622530216,0.625221156996301,8.798121657072,0.8798121657072,"Fall_Medium",21.4212445094792,9.48243157847993,0.910141783936921,0.19863023446068,0.070183983343401,"SOND",0.879442785
1994,"Fall","Small",20.0490968680319,1.36367695496224,1994.5,"GULFWIDE",3.87707147498693,32802858.44528,2.99818410874963,0.136367695496224,3.280285844528,0.3280285844528,"Fall_Small",21.4212445094792,9.48243157847993,0.910141783936921,0.19863023446068,0.0273274498635508,"SOND",0.879442785
1995,"Summer","Large",14.1629805993173,6.21391252952628,1995,"GULFWIDE",10.7890232405838,35198810.80122,2.65063156041682,0.621391252952628,3.519881080122,0.3519881080122,"Summer_Large",20.8661822356457,6.28657881363704,0.392397840609694,-0.879416285464754,0.17627588119089,"MJJA",0.867027844
1995,"Summer","Medium",136.047616312207,20.030923425577,1995,"GULFWIDE",5.32227477000002,44372355.87532,4.91300494440107,2.0030923425577,4.437235587532,0.4437235587532,"Summer_Medium",20.8661822356457,6.28657881363704,0.392397840609694,-0.879416285464754,0.0591551354108499,"MJJA",0.867027844
1995,"Summer","Small",152.235523316154,34.102267260659,1995,"GULFWIDE",2.974202323365,14491031.19398,5.02542881711777,3.4102267260659,1.449103119398,0.1449103119398,"Summer_Small",20.8661822356457,6.28657881363704,0.392397840609694,-0.879416285464754,0.0900014835418382,"MJJA",0.867027844
1995,"Fall","Large",17.308166480047,11.1939421930543,1995.5,"GULFWIDE",9.62593281197826,101000139.21514,2.85117844099254,1.11939421930543,10.100013921514,1.0100013921514,"Fall_Large",20.8661822356457,6.28657881363704,0.392397840609694,-0.879416285464754,0.259845030249121,"SOND",0.92666276
1995,"Fall","Medium",55.8245241973401,6.04923251875156,1995.5,"GULFWIDE",5.09212478044929,83584602.42946,4.02221327457911,0.604923251875156,8.358460242946,0.8358460242946,"Fall_Medium",20.8661822356457,6.28657881363704,0.392397840609694,-0.879416285464754,0.0435369165042637,"SOND",0.92666276
1995,"Fall","Small",25.6110053629336,0.735616089227739,1995.5,"GULFWIDE",3.19859578961608,29591406.12824,3.24302215609588,0.0735616089227739,2.959140612824,0.2959140612824,"Fall_Small",20.8661822356457,6.28657881363704,0.392397840609694,-0.879416285464754,0.0115400319546814,"SOND",0.92666276
1996,"Summer","Large",6.80226713675773,4.69273193485784,1996,"GULFWIDE",10.3436601282369,35315655.66122,1.91725595908018,0.469273193485784,3.531565566122,0.3531565566122,"Summer_Large",19.0749822862224,12.1227450881655,-1.27837491556588,1.08927852149731,0.277175271820608,"MJJA",0.990501339
1996,"Summer","Medium",37.4838862126095,20.8366043824406,1996,"GULFWIDE",4.72257319055959,33797702.03876,3.62391113963136,2.08366043824406,3.379770203876,0.3379770203876,"Summer_Medium",19.0749822862224,12.1227450881655,-1.27837491556588,1.08927852149731,0.223339096123936,"MJJA",0.990501339
1996,"Summer","Small",94.9011441494009,33.1773985935543,1996,"GULFWIDE",2.50019980592919,16328868.56458,4.55283576191202,3.31773985935543,1.632886856458,0.1632886856458,"Summer_Small",19.0749822862224,12.1227450881655,-1.27837491556588,1.08927852149731,0.14046020600554,"MJJA",0.990501339
1996,"Fall","Large",10.8185413426617,10.9515132054804,1996.5,"GULFWIDE",10.4387237810633,100146988.75368,2.38126145311622,1.09515132054804,10.014698875368,1.0014698875368,"Fall_Large",19.0749822862224,12.1227450881655,-1.27837491556588,1.08927852149731,0.406712800439543,"SOND",1.235234785
1996,"Fall","Medium",32.8644377846546,6.16548682253209,1996.5,"GULFWIDE",5.66253041071969,87793501.9962,3.49239115475816,0.616548682253209,8.77935019962,0.877935019962,"Fall_Medium",19.0749822862224,12.1227450881655,-1.27837491556588,1.08927852149731,0.0753743509998051,"SOND",1.235234785
1996,"Fall","Small",20.7768790876211,0.716812406096025,1996.5,"GULFWIDE",3.16326652401382,36230555.32426,3.03384078611552,0.0716812406096025,3.623055532426,0.3623055532426,"Fall_Small",19.0749822862224,12.1227450881655,-1.27837491556588,1.08927852149731,0.0138614167128684,"SOND",1.235234785
1997,"Summer","Large",6.17801430322705,3.43510362636754,1997,"GULFWIDE",11.5771198057125,33774643.91818,1.820996909681,0.343510362636754,3.377464391818,0.3377464391818,"Summer_Large",19.7360241792431,4.14597272389138,-0.661776648071871,-1.60149990926866,0.223394950579163,"MJJA",0.933448325
1997,"Summer","Medium",30.9351898961217,16.3328456637844,1997,"GULFWIDE",6.69271878623742,46160388.6755,3.43189436751662,1.63328456637844,4.61603886755,0.461603886755,"Summer_Medium",19.7360241792431,4.14597272389138,-0.661776648071871,-1.60149990926866,0.212124822038921,"MJJA",0.933448325
1997,"Summer","Small",92.4767710466039,29.4775886362047,1997,"GULFWIDE",3.20074806344115,21114576.08964,4.52695748916101,2.94775886362047,2.111457608964,0.2111457608964,"Summer_Small",19.7360241792431,4.14597272389138,-0.661776648071871,-1.60149990926866,0.128068320913988,"MJJA",0.933448325
1997,"Fall","Large",12.0221692989969,9.04681397446952,1997.5,"GULFWIDE",11.3781664584964,100239657.75076,2.48675238694976,0.904681397446952,10.023965775076,1.0023965775076,"Fall_Large",19.7360241792431,4.14597272389138,-0.661776648071871,-1.60149990926866,0.302339743097965,"SOND",0.938670805
1997,"Fall","Medium",38.7039949299099,7.94680082880489,1997.5,"GULFWIDE",6.70282972128026,99126695.02692,3.65594282287112,0.794680082880489,9.912669502692,0.9912669502692,"Fall_Medium",19.7360241792431,4.14597272389138,-0.661776648071871,-1.60149990926866,0.0824933524543778,"SOND",0.938670805
1997,"Fall","Small",26.2402926829673,1.69100390344393,1997.5,"GULFWIDE",3.17160491541806,47747953.17446,3.26729611809018,0.169100390344393,4.774795317446,0.4774795317446,"Fall_Small",19.7360241792431,4.14597272389138,-0.661776648071871,-1.60149990926866,0.0258915681238349,"SOND",0.938670805
1998,"Summer","Large",7.56627019220878,4.24075938686746,1998,"GULFWIDE",10.7769406001589,45329837.77366,2.023700236941,0.424075938686746,4.532983777366,0.4532983777366,"Summer_Large",19.2156290749128,8.30733426797378,-1.14718418900114,-0.197761482986659,0.225187461466602,"MJJA",0.640660448
1998,"Summer","Medium",82.020703187958,24.0115004673135,1998,"GULFWIDE",4.55282361783213,39454556.33834,4.406971693299,2.40115004673135,3.945455633834,0.3945455633834,"Summer_Medium",19.2156290749128,8.30733426797378,-1.14718418900114,-0.197761482986659,0.117619202519225,"MJJA",0.640660448
1998,"Summer","Small",176.886706816679,34.4104421044754,1998,"GULFWIDE",2.32616054446169,19738311.18996,5.17550945315666,3.44104421044754,1.973831118996,0.1973831118996,"Summer_Small",19.2156290749128,8.30733426797378,-1.14718418900114,-0.197761482986659,0.07815872658262,"MJJA",0.640660448
1998,"Fall","Large",14.3141369712653,12.0293003674683,1998.5,"GULFWIDE",9.51226679526253,93516360.41396,2.66124764831249,1.20293003674683,9.351636041396,0.9351636041396,"Fall_Large",19.2156290749128,8.30733426797378,-1.14718418900114,-0.197761482986659,0.337642898313692,"SOND",0.622172867
1998,"Fall","Medium",33.2068281820347,7.21680260156809,1998.5,"GULFWIDE",4.56254309845653,88386970.26786,3.50275552290923,0.721680260156809,8.838697026786,0.8838697026786,"Fall_Medium",19.2156290749128,8.30733426797378,-1.14718418900114,-0.197761482986659,0.087317209970247,"SOND",0.622172867
1998,"Fall","Small",17.8370886833316,2.05210174026596,1998.5,"GULFWIDE",2.56029739710157,45369578.25378,2.88127992343865,0.205210174026596,4.536957825378,0.4536957825378,"Fall_Small",19.2156290749128,8.30733426797378,-1.14718418900114,-0.197761482986659,0.0462229156157994,"SOND",0.622172867
1999,"Summer","Large",12.6213600588856,6.26837397930924,1999,"GULFWIDE",10.3714508913732,41873449.97,2.53539062142401,0.626837397930924,4.187344997,0.4187344997,"Summer_Large",21.5136546542498,7.57369949799959,0.996338945971596,-0.445236091131146,0.199540548557771,"MJJA",0.804286601
1999,"Summer","Medium",110.396204912346,20.1063773758566,1999,"GULFWIDE",4.84198465538306,45601316.88508,4.70407575745817,2.01063773758566,4.560131688508,0.4560131688508,"Summer_Medium",21.5136546542498,7.57369949799959,0.996338945971596,-0.445236091131146,0.0731748944477169,"MJJA",0.804286601
1999,"Summer","Small",161.805394322125,38.4741550182192,1999,"GULFWIDE",2.39087042848093,20623715.24202,5.08639434351318,3.84741550182192,2.062371524202,0.2062371524202,"Summer_Small",21.5136546542498,7.57369949799959,0.996338945971596,-0.445236091131146,0.0955341212815482,"MJJA",0.804286601
1999,"Fall","Large",13.2817882412885,9.94572173827841,1999.5,"GULFWIDE",10.6330528005955,97223508.31028,2.58639379170642,0.994572173827841,9.722350831028,0.9722350831028,"Fall_Large",21.5136546542498,7.57369949799959,0.996338945971596,-0.445236091131146,0.300858420827487,"SOND",1.050467788
1999,"Fall","Medium",35.0780931239712,6.42932894524407,1999.5,"GULFWIDE",6.01017980396059,84576002.4065,3.55757680810097,0.642932894524407,8.45760024065,0.845760024065,"Fall_Medium",21.5136546542498,7.57369949799959,0.996338945971596,-0.445236091131146,0.0736397132230333,"SOND",1.050467788
1999,"Fall","Small",43.643365949619,2.23520985136123,1999.5,"GULFWIDE",3.15007512047249,39391210.99188,3.77605128790845,0.223520985136123,3.939121099188,0.3939121099188,"Fall_Small",21.5136546542498,7.57369949799959,0.996338945971596,-0.445236091131146,0.02057702021155,"SOND",1.050467788
2000,"Summer","Large",18.3451081312111,9.60103636139893,2000,"GULFWIDE",10.7508888167683,48432068.80666,2.90936295210501,0.960103636139893,4.843206880666,0.4843206880666,"Summer_Large",20.6622507380318,14.8964716561523,0.202177206420242,2.02493059744326,0.210271424820208,"MJJA",1.327541825
2000,"Summer","Medium",137.730155086589,28.1806030510016,2000,"GULFWIDE",6.33227130160756,47294855.26282,4.92529637294755,2.81806030510016,4.729485526282,0.4729485526282,"Summer_Medium",20.6622507380318,14.8964716561523,0.202177206420242,2.02493059744326,0.0822060280822614,"MJJA",1.327541825
2000,"Summer","Small",199.809350612063,37.0846168064626,2000,"GULFWIDE",3.42056965332977,28985823.46968,5.29736366497955,3.70846168064626,2.898582346968,0.2898582346968,"Summer_Small",20.6622507380318,14.8964716561523,0.202177206420242,2.02493059744326,0.0745693584177083,"MJJA",1.327541825
2000,"Fall","Large",17.9597204573771,12.330422287742,2000.5,"GULFWIDE",9.34581671991077,95019364.5082,2.88813149801891,1.2330422287742,9.50193645082,0.950193645082,"Fall_Large",20.6622507380318,14.8964716561523,0.202177206420242,2.02493059744326,0.275842256476264,"SOND",1.612986692
2000,"Fall","Medium",45.8371459346628,8.71077659307286,2000.5,"GULFWIDE",5.90087585057623,89780737.64572,3.82509480900792,0.871077659307286,8.978073764572,0.8978073764572,"Fall_Medium",20.6622507380318,14.8964716561523,0.202177206420242,2.02493059744326,0.0763522300445564,"SOND",1.612986692
2000,"Fall","Small",30.488019115296,1.12931721350037,2000.5,"GULFWIDE",3.50211131063933,36315728.61334,3.41733379054906,0.112931721350037,3.631572861334,0.3631572861334,"Fall_Small",20.6622507380318,14.8964716561523,0.202177206420242,2.02493059744326,0.0148822692949723,"SOND",1.612986692
2001,"Summer","Large",14.8507604387454,7.91172740953807,2001,"GULFWIDE",9.69680841162668,63489799.77626,2.69805107193395,0.791172740953807,6.348979977626,0.6348979977626,"Summer_Large",19.5873090448701,7.5348354878734,-0.800493263724628,-0.458345960061212,0.214044977774314,"MJJA",1.194280761
2001,"Summer","Medium",122.228042978677,28.3160763222633,2001,"GULFWIDE",4.47355045862035,58898239.90688,4.80588850468723,2.83160763222633,5.889823990688,0.5889823990688,"Summer_Medium",19.5873090448701,7.5348354878734,-0.800493263724628,-0.458345960061212,0.0930774839523806,"MJJA",1.194280761
2001,"Summer","Small",81.8919103951151,38.9592104154854,2001,"GULFWIDE",3.17152612550219,28587424.38486,4.40540021180612,3.89592104154854,2.858742438486,0.2858742438486,"Summer_Small",19.5873090448701,7.5348354878734,-0.800493263724628,-0.458345960061212,0.191139991748609,"MJJA",1.194280761
2001,"Fall","Large",13.4018664130013,9.53611922083641,2001.5,"GULFWIDE",8.24439553464669,153954939.65478,2.59539398181001,0.953611922083641,15.395493965478,1.5395493965478,"Fall_Large",19.5873090448701,7.5348354878734,-0.800493263724628,-0.458345960061212,0.28588331300158,"SOND",0.975859995
2001,"Fall","Medium",43.1204513748443,5.47603106489692,2001.5,"GULFWIDE",4.42953362104376,107660988.48582,3.76399739442268,0.547603106489692,10.766098848582,1.0766098848582,"Fall_Medium",19.5873090448701,7.5348354878734,-0.800493263724628,-0.458345960061212,0.0510228864687714,"SOND",0.975859995
2001,"Fall","Small",25.4396658760333,0.95305989767346,2001.5,"GULFWIDE",2.72647203944922,50247088.36026,3.23630960458195,0.095305989767346,5.024708836026,0.5024708836026,"Fall_Small",19.5873090448701,7.5348354878734,-0.800493263724628,-0.458345960061212,0.015051896104473,"SOND",0.975859995
2002,"Summer","Large",13.3483404174564,5.90490467986567,2002,"GULFWIDE",7.03546425864735,62246107.49566,2.59139206381957,0.590490467986567,6.224610749566,0.6224610749566,"Summer_Large",21.8332126063448,8.14002930093989,1.29441215692248,-0.254197918188326,0.177732985729352,"MJJA",1.070930495
2002,"Summer","Medium",112.171846993247,20.8191160581067,2002,"GULFWIDE",3.66198228125976,63811228.96302,4.72003204353964,2.08191160581067,6.381122896302,0.6381122896302,"Summer_Medium",21.8332126063448,8.14002930093989,1.29441215692248,-0.254197918188326,0.074569431872426,"MJJA",1.070930495
2002,"Summer","Small",130.218993526022,32.8442587186268,2002,"GULFWIDE",2.43724646261169,36893746.90804,4.86921759875122,3.28442587186268,3.689374690804,0.3689374690804,"Summer_Small",21.8332126063448,8.14002930093989,1.29441215692248,-0.254197918188326,0.101336884720629,"MJJA",1.070930495
2002,"Fall","Large",14.0014513009392,8.21494371689397,2002.5,"GULFWIDE",7.15032103828286,131627983.5024,2.63916098859528,0.821494371689397,13.16279835024,1.316279835024,"Fall_Large",21.8332126063448,8.14002930093989,1.29441215692248,-0.254197918188326,0.23572951198632,"SOND",1.216097682
2002,"Fall","Medium",38.3180412808233,6.9024297187297,2002.5,"GULFWIDE",4.02193440093658,120655644.8779,3.64592083699519,0.69024297187297,12.06556448779,1.206556448779,"Fall_Medium",21.8332126063448,8.14002930093989,1.29441215692248,-0.254197918188326,0.0723737559082234,"SOND",1.216097682
2002,"Fall","Small",34.4980206572267,1.87019646901045,2002.5,"GULFWIDE",2.48644434759047,58904708.26196,3.54090195013717,0.187019646901045,5.890470826196,0.5890470826196,"Fall_Small",21.8332126063448,8.14002930093989,1.29441215692248,-0.254197918188326,0.0217808825826091,"SOND",1.216097682
2003,"Summer","Large",15.7803290514298,5.88659270493106,2003,"GULFWIDE",6.83775934994511,69566321.1298,2.75876416763567,0.588659270493106,6.95663211298,0.695663211298,"Summer_Large",20.3874552007686,6.87959323623025,-0.0541430873167826,-0.679376677390498,0.149875398909777,"MJJA",1.210301841
2003,"Summer","Medium",114.205434244688,22.7726223065002,2003,"GULFWIDE",3.41458224662662,95328324.36424,4.73799888141978,2.27726223065002,9.532832436424,0.9532832436424,"Summer_Medium",20.3874552007686,6.87959323623025,-0.0541430873167826,-0.679376677390498,0.0801140510426209,"MJJA",1.210301841
2003,"Summer","Small",292.440559592219,39.9101605584912,2003,"GULFWIDE",1.87960607049409,34873296.4536,5.6782614309516,3.99101605584912,3.48732964536,0.348732964536,"Summer_Small",20.3874552007686,6.87959323623025,-0.0541430873167826,-0.679376677390498,0.0548312678020246,"MJJA",1.210301841
2003,"Fall","Large",22.5435455053521,9.7458138599594,2003.5,"GULFWIDE",6.03783529573531,174629138.49018,3.11544879461563,0.97458138599594,17.462913849018,1.7462913849018,"Fall_Large",20.3874552007686,6.87959323623025,-0.0541430873167826,-0.679376677390498,0.173691398190053,"SOND",1.269159913
2003,"Fall","Medium",34.328552071744,6.95872350472763,2003.5,"GULFWIDE",3.1173102683852,171473531.40236,3.53597742981765,0.695872350472763,17.147353140236,1.7147353140236,"Fall_Medium",20.3874552007686,6.87959323623025,-0.0541430873167826,-0.679376677390498,0.0814435159108485,"SOND",1.269159913
2003,"Fall","Small",15.8343052618112,1.08131262915648,2003.5,"GULFWIDE",1.64775643949941,63112055.77622,2.762178805445,0.108131262915648,6.311205577622,0.6311205577622,"Fall_Small",20.3874552007686,6.87959323623025,-0.0541430873167826,-0.679376677390498,0.0274368773040642,"SOND",1.269159913
2004,"Summer","Large",35.2253143784838,6.97115490146669,2004,"GULFWIDE",6.51352108495447,55502803.23236,3.56176498261316,0.697115490146669,5.550280323236,0.5550280323236,"Summer_Large",20.8798059136753,6.00972002813152,0.405105562100066,-0.97280815054327,0.0795119261545399,"MJJA",1.620877333
2004,"Summer","Medium",140.009304794235,16.488138917693,2004,"GULFWIDE",2.96352396392705,59198797.9561,4.94170888321672,1.6488138917693,5.91987979561,0.591987979561,"Summer_Medium",20.8798059136753,6.00972002813152,0.405105562100066,-0.97280815054327,0.0473148162386548,"MJJA",1.620877333
2004,"Summer","Small",112.718159928329,37.7506649665029,2004,"GULFWIDE",1.49426390224892,25401737.46176,4.72489054318757,3.77506649665029,2.540173746176,0.2540173746176,"Summer_Small",20.8798059136753,6.00972002813152,0.405105562100066,-0.97280815054327,0.134559118847919,"MJJA",1.620877333
2004,"Fall","Large",24.3191636845117,10.0288422319289,2004.5,"GULFWIDE",6.56657427628878,161128027.97322,3.19126466853431,1.00288422319289,16.112802797322,1.6112802797322,"Fall_Large",20.8798059136753,6.00972002813152,0.405105562100066,-0.97280815054327,0.165685530428212,"SOND",2.02849139
2004,"Fall","Medium",36.1047219418449,5.41492897646919,2004.5,"GULFWIDE",3.2568059561738,129256857.37228,3.58642365849819,0.541492897646919,12.925685737228,1.2925685737228,"Fall_Medium",20.8798059136753,6.00972002813152,0.405105562100066,-0.97280815054327,0.0602575096589149,"SOND",2.02849139
2004,"Fall","Small",23.2930190056054,0.542971426348707,2004.5,"GULFWIDE",1.95329414520825,52934090.23936,3.14815370218523,0.0542971426348707,5.293409023936,0.5293409023936,"Fall_Small",20.8798059136753,6.00972002813152,0.405105562100066,-0.97280815054327,0.00936555704778873,"SOND",2.02849139
2005,"Summer","Large",14.6222077599464,5.57953019668072,2005,"GULFWIDE",6.02719887276295,65068834.60044,2.68254145249309,0.557953019668072,6.506883460044,0.6506883460044,"Summer_Large",19.8123269150508,6.91158538992533,-0.590603950545712,-0.668584869227335,0.153308805925002,"MJJA",2.382254002
2005,"Summer","Medium",87.5705072004475,12.5141930894517,2005,"GULFWIDE",3.40067473540805,89004396.14506,4.47244426546035,1.25141930894517,8.900439614506,0.8900439614506,"Summer_Medium",19.8123269150508,6.91158538992533,-0.590603950545712,-0.668584869227335,0.0574152692248551,"MJJA",2.382254002
2005,"Summer","Small",89.8416742269801,25.5567941818433,2005,"GULFWIDE",2.276876512803,25198297.33278,4.4980489459086,2.55567941818433,2.519829733278,0.2519829733278,"Summer_Small",19.8123269150508,6.91158538992533,-0.590603950545712,-0.668584869227335,0.114290717175237,"MJJA",2.382254002
2005,"Fall","Large",25.8834929969359,10.0812503959341,2005.5,"GULFWIDE",5.6234149093112,167918063.56666,3.25360542949491,1.00812503959341,16.791806356666,1.6791806356666,"Fall_Large",19.8123269150508,6.91158538992533,-0.590603950545712,-0.668584869227335,0.156485440408613,"SOND",2.636138142
2005,"Fall","Medium",41.4723898421355,5.3781189264929,2005.5,"GULFWIDE",3.32928335785263,162112238.68444,3.72502790081428,0.53781189264929,16.211223868444,1.6211223868444,"Fall_Medium",19.8123269150508,6.91158538992533,-0.590603950545712,-0.668584869227335,0.0521019236714049,"SOND",2.636138142
2005,"Fall","Small",48.2268960301268,1.92148772697992,2005.5,"GULFWIDE",2.32541849460168,51675241.19626,3.87591687435126,0.192148772697992,5.167524119626,0.5167524119626,"Fall_Small",19.8123269150508,6.91158538992533,-0.590603950545712,-0.668584869227335,0.0160077658464618,"SOND",2.636138142
2006,"Summer","Large",48.2011848862208,9.32814760671619,2006,"GULFWIDE",4.72089382927121,57034291.017,3.87538360345608,0.932814760671619,5.7034291017,0.57034291017,"Summer_Large",22.331628398046,13.1200456526853,1.75931811356348,1.4256946463976,0.0777535298884481,"MJJA",2.787784045
2006,"Summer","Medium",310.372524645165,21.8386311572776,2006,"GULFWIDE",2.58047613508342,82919375.98142,5.73777326842855,2.18386311572776,8.291937598142,0.8291937598142,"Summer_Medium",22.331628398046,13.1200456526853,1.75931811356348,1.4256946463976,0.0282699189578969,"MJJA",2.787784045
2006,"Summer","Small",243.29111021851,29.3820294770415,2006,"GULFWIDE",1.64328250817206,26974868.31358,5.49425871076809,2.93820294770415,2.697486831358,0.2697486831358,"Summer_Small",22.331628398046,13.1200456526853,1.75931811356348,1.4256946463976,0.0485219190421485,"MJJA",2.787784045
2006,"Fall","Large",48.0687764989239,19.3733736458873,2006.5,"GULFWIDE",4.22533641185959,175802900.22438,3.87263282909441,1.93733736458873,17.580290022438,1.7580290022438,"Fall_Large",22.331628398046,13.1200456526853,1.75931811356348,1.4256946463976,0.161928989418713,"SOND",2.365521844
2006,"Fall","Medium",47.5253127506441,8.63501978553956,2006.5,"GULFWIDE",2.57368762405512,159714879.78094,3.86126246911337,0.863501978553956,15.971487978094,1.5971487978094,"Fall_Medium",22.331628398046,13.1200456526853,1.75931811356348,1.4256946463976,0.072999649097294,"SOND",2.365521844
2006,"Fall","Small",45.6144090924,0.304521701423559,2006.5,"GULFWIDE",1.71856753817881,51833261.744,3.82022365547479,0.0304521701423559,5.1833261744,0.51833261744,"Fall_Small",22.331628398046,13.1200456526853,1.75931811356348,1.4256946463976,0.0026822460439805,"SOND",2.365521844
2007,"Summer","Large",27.7859303224289,8.93251755415469,2007,"GULFWIDE",5.4674366499906,68774370.91954,3.32452978907323,0.893251755415469,6.877437091954,0.6877437091954,"Summer_Large",20.9620227340926,6.62606832278739,0.481794724410956,-0.764897404020378,0.12916098699278,"MJJA",2.755746336
2007,"Summer","Medium",130.595051322414,17.8553156773805,2007,"GULFWIDE",2.78674750448948,78847290.72264,4.87210132425929,1.78553156773805,7.884729072264,0.7884729072264,"Summer_Medium",20.9620227340926,6.62606832278739,0.481794724410956,-0.764897404020378,0.0549317242676789,"MJJA",2.755746336
2007,"Summer","Small",151.326035089233,27.6217543664749,2007,"GULFWIDE",1.89961137600456,19852056.35424,5.01943668192771,2.76217543664749,1.985205635424,0.1985205635424,"Summer_Small",20.9620227340926,6.62606832278739,0.481794724410956,-0.764897404020378,0.0733364738841532,"MJJA",2.755746336
2007,"Fall","Large",33.0207696088209,11.9723465627928,2007.5,"GULFWIDE",5.86706497636183,175419768.13306,3.49713674557412,1.19723465627928,17.541976813306,1.7541976813306,"Fall_Large",20.9620227340926,6.62606832278739,0.481794724410956,-0.764897404020378,0.145671471676899,"SOND",3.320424497
2007,"Fall","Medium",42.8899375467655,5.52115890238281,2007.5,"GULFWIDE",3.19323641553863,149050751.44168,3.75863724240195,0.552115890238281,14.905075144168,1.4905075144168,"Fall_Medium",20.9620227340926,6.62606832278739,0.481794724410956,-0.764897404020378,0.0517198494164279,"SOND",3.320424497
2007,"Fall","Small",20.7895502963218,0.465516613623862,2007.5,"GULFWIDE",1.90748378576943,33255605.82234,3.03445047086742,0.0465516613623862,3.325560582234,0.3325560582234,"Fall_Small",20.9620227340926,6.62606832278739,0.481794724410956,-0.764897404020378,0.00899647772214077,"SOND",3.320424497
2008,"Summer","Large",23.2438009992854,6.8632023388661,2008,"GULFWIDE",6.87395329195337,68411673.451,3.1460384727963,0.68632023388661,6.8411673451,0.68411673451,"Summer_Large",20.2929709345947,6.61025394304306,-0.142274921990761,-0.770232016814717,0.118632060388438,"MJJA",4.889983343
2008,"Summer","Medium",126.615986413483,11.3577946496599,2008,"GULFWIDE",3.91862878927398,82467852.16846,4.84115877672608,1.13577946496599,8.246785216846,0.8246785216846,"Summer_Medium",20.2929709345947,6.61025394304306,-0.142274921990761,-0.770232016814717,0.0360402577761886,"MJJA",4.889983343
2008,"Summer","Small",203.783598736402,17.7659276919536,2008,"GULFWIDE",1.84321551806618,24809596.37134,5.31705864029992,1.77659276919536,2.480959637134,0.2480959637134,"Summer_Small",20.2929709345947,6.61025394304306,-0.142274921990761,-0.770232016814717,0.0350268499376954,"MJJA",4.889983343
2008,"Fall","Large",53.6264509942925,12.9867202704612,2008.5,"GULFWIDE",4.910949850942,168369624.85816,3.98204243505074,1.29867202704612,16.836962485816,1.6836962485816,"Fall_Large",20.2929709345947,6.61025394304306,-0.142274921990761,-0.770232016814717,0.0972977615328089,"SOND",2.844336426
2008,"Fall","Medium",73.3385068096262,5.08086533882322,2008.5,"GULFWIDE",3.33130130874346,145527579.08436,4.29508580259989,0.508086533882322,14.552757908436,1.4552757908436,"Fall_Medium",20.2929709345947,6.61025394304306,-0.142274921990761,-0.770232016814717,0.0278347958473146,"SOND",2.844336426
2008,"Fall","Small",58.2541789018972,0.817461976283013,2008.5,"GULFWIDE",1.81599198296602,36966986.58906,4.06481583067766,0.0817461976283013,3.696698658906,0.3696698658906,"Fall_Small",20.2929709345947,6.61025394304306,-0.142274921990761,-0.770232016814717,0.00563797174012994,"SOND",2.844336426
2009,"Summer","Large",43.7292593414929,11.3957385120874,2009,"GULFWIDE",3.4946185695594,62338470.05056,3.77801742820143,1.13957385120874,6.233847005056,0.6233847005056,"Summer_Large",20.0707738684588,10.2560866833306,-0.34953308137241,0.459604770766579,0.104701468444133,"MJJA",2.278682818
2009,"Summer","Medium",200.940538354323,17.9668851781964,2009,"GULFWIDE",2.25868223125,76001313.69534,5.30300903521005,1.79668851781964,7.600131369534,0.7600131369534,"Summer_Medium",20.0707738684588,10.2560866833306,-0.34953308137241,0.459604770766579,0.0359242450260346,"MJJA",2.278682818
2009,"Summer","Small",166.498419297926,18.8947247584991,2009,"GULFWIDE",1.47843200217586,17222356.95818,5.11498581566928,1.88947247584991,1.722235695818,0.1722235695818,"Summer_Small",20.0707738684588,10.2560866833306,-0.34953308137241,0.459604770766579,0.0455945437419269,"MJJA",2.278682818
2009,"Fall","Large",79.1587475834059,20.1822701677183,2009.5,"GULFWIDE",3.95084796176061,151439062.5847,4.3714552992778,2.01822701677183,15.14390625847,1.514390625847,"Fall_Large",20.0707738684588,10.2560866833306,-0.34953308137241,0.459604770766579,0.102436214334248,"SOND",2.572136375
2009,"Fall","Medium",72.9627465340127,7.57574099599588,2009.5,"GULFWIDE",2.39828041246072,133886343.31952,4.2899489894382,0.757574099599588,13.388634331952,1.3388634331952,"Fall_Medium",20.0707738684588,10.2560866833306,-0.34953308137241,0.459604770766579,0.0417163558647144,"SOND",2.572136375
2009,"Fall","Small",24.8404483269851,0.414448546792974,2009.5,"GULFWIDE",1.74489870397938,34063885.65294,3.21247330549279,0.0414448546792974,3.406388565294,0.3406388565294,"Fall_Small",20.0707738684588,10.2560866833306,-0.34953308137241,0.459604770766579,0.00670337646632631,"SOND",2.572136375
2010,"Summer","Large",88.7457150702596,4.93689076135254,2010,"GULFWIDE",6.8935907213382,58800533.3531,4.48577514629148,0.493689076135254,5.88005333531,0.588005333531,"Summer_Large",18.9013016427421,5.80107902103233,-1.44037854195908,-1.04318833641772,0.022350566928484,"MJJA",2.70288658
2010,"Summer","Medium",264.001385605037,8.04780714544663,2010,"GULFWIDE",3.03808440430528,88789613.24618,5.57595435163647,0.804780714544663,8.878961324618,0.8878961324618,"Summer_Medium",18.9013016427421,5.80107902103233,-1.44037854195908,-1.04318833641772,0.0122476783776989,"MJJA",2.70288658
2010,"Summer","Small",129.596269617249,10.3898713043782,2010,"GULFWIDE",2.40726345236337,25611502.64552,4.86442399968639,1.03898713043782,2.561150264552,0.2561150264552,"Summer_Small",18.9013016427421,5.80107902103233,-1.44037854195908,-1.04318833641772,0.0322106943251041,"MJJA",2.70288658
2010,"Fall","Large",103.358741387125,11.8949437102665,2010.5,"GULFWIDE",6.08552889172307,169309121.46654,4.638205862978,1.18949437102665,16.930912146654,1.6930912146654,"Fall_Large",18.9013016427421,5.80107902103233,-1.44037854195908,-1.04318833641772,0.0462378464051534,"SOND",3.033457857
2010,"Fall","Medium",78.7755959577434,8.57478318074798,2010.5,"GULFWIDE",3.07854866749727,135068390.01568,4.36660325293041,0.857478318074798,13.506839001568,1.3506839001568,"Fall_Medium",18.9013016427421,5.80107902103233,-1.44037854195908,-1.04318833641772,0.0437334631062833,"SOND",3.033457857
2010,"Fall","Small",10.2346905511429,1.58086469169156,2010.5,"GULFWIDE",1.8721768967639,23193603.29748,2.32578298427836,0.158086469169156,2.319360329748,0.2319360329748,"Fall_Small",18.9013016427421,5.80107902103233,-1.44037854195908,-1.04318833641772,0.0620586612382608,"SOND",3.033457857
2011,"Summer","Large",85.2815819611417,7.43116987306931,2011,"GULFWIDE",6.42924813142202,58220217.84436,4.44595851044649,0.743116987306931,5.822021784436,0.5822021784436,"Summer_Large",21.8312482159822,13.9139747030954,1.29257983781063,1.69350812619172,0.0350093752172855,"MJJA",3.91117392
2011,"Summer","Medium",309.196374991293,17.8287157295084,2011,"GULFWIDE",3.21106661498974,82819716.13432,5.73397659281302,1.78287157295084,8.281971613432,0.8281971613432,"Summer_Medium",21.8312482159822,13.9139747030954,1.29257983781063,1.69350812619172,0.023166908629469,"MJJA",3.91117392
2011,"Summer","Small",152.368216377339,24.250876531461,2011,"GULFWIDE",1.46960221213565,22116734.61228,5.02630006754767,2.4250876531461,2.211673461228,0.2211673461228,"Summer_Small",21.8312482159822,13.9139747030954,1.29257983781063,1.69350812619172,0.0639463080961739,"MJJA",3.91117392
2011,"Fall","Large",84.8762984025984,15.2124204306267,2011.5,"GULFWIDE",6.12657011782144,170374274.80106,4.44119488358333,1.52124204306267,17.037427480106,1.7037427480106,"Fall_Large",21.8312482159822,13.9139747030954,1.29257983781063,1.69350812619172,0.0720102481741715,"SOND",3.857637569
2011,"Fall","Medium",49.6427041567417,8.37455860329747,2011.5,"GULFWIDE",3.77640735527577,139796519.4802,3.90485143421008,0.837455860329747,13.97965194802,1.397965194802,"Fall_Medium",21.8312482159822,13.9139747030954,1.29257983781063,1.69350812619172,0.0677780257531216,"SOND",3.857637569
2011,"Fall","Small",15.3581121965458,1.02000463321805,2011.5,"GULFWIDE",2.11229011307718,33308327.10502,2.73164381629551,0.102000463321805,3.330832710502,0.3330832710502,"Fall_Small",21.8312482159822,13.9139747030954,1.29257983781063,1.69350812619172,0.0266837416724464,"SOND",3.857637569
2012,"Summer","Large",62.1635618998823,8.20944256638802,2012,"GULFWIDE",5.37802611663949,70057329.68696,4.12976900653935,0.820944256638802,7.005732968696,0.7005732968696,"Summer_Large",22.8465838721215,9.69355715625138,2.23965174521964,0.269848532402181,0.0530591388140818,"MJJA",3.670647018
2012,"Summer","Medium",206.580972916685,18.6467153647801,2012,"GULFWIDE",3.43378376176959,70008883.16246,5.33069245620378,1.86467153647801,7.000888316246,0.7000888316246,"Summer_Medium",22.8465838721215,9.69355715625138,2.23965174521964,0.269848532402181,0.0362655645110995,"MJJA",3.670647018
2012,"Summer","Small",166.560547153361,14.9581501376982,2012,"GULFWIDE",2.01235528403434,17467587.86388,5.11535888988385,1.49581501376982,1.746758786388,0.1746758786388,"Summer_Small",22.8465838721215,9.69355715625138,2.23965174521964,0.269848532402181,0.0360817977803589,"MJJA",3.670647018
2012,"Fall","Large",63.4416308366028,12.7487994935888,2012.5,"GULFWIDE",5.26996060725231,155431345.00872,4.15012028375221,1.27487994935888,15.543134500872,1.5543134500872,"Fall_Large",22.8465838721215,9.69355715625138,2.23965174521964,0.269848532402181,0.0807378855340907,"SOND",3.926350999
2012,"Fall","Medium",88.5150282054868,8.81451598006909,2012.5,"GULFWIDE",3.3867862695019,121411518.68648,4.48317234782925,0.881451598006909,12.141151868648,1.2141151868648,"Fall_Medium",22.8465838721215,9.69355715625138,2.23965174521964,0.269848532402181,0.0400095693115588,"SOND",3.926350999
2012,"Fall","Small",13.6063506339861,1.06246201400765,2012.5,"GULFWIDE",1.95729714018241,22156091.48852,2.6105366421322,0.106246201400765,2.215609148852,0.2215609148852,"Fall_Small",22.8465838721215,9.69355715625138,2.23965174521964,0.269848532402181,0.0313728643927437,"SOND",3.926350999
2013,"Summer","Large",41.6284477882174,8.12879485408897,2013,"GULFWIDE",7.29940876517483,61909927.19648,3.72878377461738,0.812879485408897,6.190992719648,0.6190992719648,"Summer_Large",18.824228892342,11.1694434890368,-1.51226948392422,0.767704423126557,0.0784545914045137,"MJJA",3.59356354
2013,"Summer","Medium",92.5461121748542,14.5150058419753,2013,"GULFWIDE",4.06054672077294,68335514.8531,4.52770703030197,1.45150058419753,6.83355148531,0.683355148531,"Summer_Medium",18.824228892342,11.1694434890368,-1.51226948392422,0.767704423126557,0.0630146393543642,"MJJA",3.59356354
2013,"Summer","Small",157.576045472077,23.121954254089,2013,"GULFWIDE",2.08313110442743,14910834.93438,5.0599081701357,2.3121954254089,1.491083493438,0.1491083493438,"Summer_Small",18.824228892342,11.1694434890368,-1.51226948392422,0.767704423126557,0.0589544727134021,"MJJA",3.59356354
2013,"Fall","Large",47.177153448199,12.1287990775526,2013.5,"GULFWIDE",8.36406624719241,153238931.98966,3.8539097382933,1.21287990775526,15.323893198966,1.5323893198966,"Fall_Large",18.824228892342,11.1694434890368,-1.51226948392422,0.767704423126557,0.1032924283628,"SOND",3.730174711
2013,"Fall","Medium",53.4049417858416,7.81621022101394,2013.5,"GULFWIDE",5.35909558500419,116833684.78122,3.97790328449035,0.781621022101394,11.683368478122,1.1683368478122,"Fall_Medium",18.824228892342,11.1694434890368,-1.51226948392422,0.767704423126557,0.0588026914359635,"SOND",3.730174711
2013,"Fall","Small",20.9725943072535,1.11985873291099,2013.5,"GULFWIDE",3.47567759827312,26673174.88506,3.04321655243834,0.111985873291099,2.667317488506,0.2667317488506,"Fall_Small",18.824228892342,11.1694434890368,-1.51226948392422,0.767704423126557,0.021453270272998,"SOND",3.730174711
2014,"Summer","Large",18.1933404151374,4.83811460324899,2014,"GULFWIDE",9.26869378396509,59837747.53836,2.90105561586471,0.483811460324899,5.983774753836,0.5983774753836,"Summer_Large",18.7207221958551,12.3251806389054,-1.60881714663921,1.15756544115302,0.106843012545349,"MJJA",3.505636196
2014,"Summer","Medium",59.1803376194899,14.588974377991,2014,"GULFWIDE",5.29777481788601,73050403.3699,4.08058935191507,1.4588974377991,7.30504033699,0.730504033699,"Summer_Medium",18.7207221958551,12.3251806389054,-1.60881714663921,1.15756544115302,0.0990443581956281,"MJJA",3.505636196
2014,"Summer","Small",116.180850392033,25.8305466848948,2014,"GULFWIDE",3.59725315728399,22789185.60006,4.75514803214539,2.58305466848948,2.278918560006,0.2278918560006,"Summer_Small",18.7207221958551,12.3251806389054,-1.60881714663921,1.15756544115302,0.0893267361379814,"MJJA",3.505636196
2014,"Fall","Large",60.3428279737265,13.2014758885329,2014.5,"GULFWIDE",7.64784836022419,190253291.45328,4.10004209994667,1.32014758885329,19.025329145328,1.9025329145328,"Fall_Large",18.7207221958551,12.3251806389054,-1.60881714663921,1.15756544115302,0.0878980511810725,"SOND",2.841017708
2014,"Fall","Medium",79.9072861183883,9.23671593064456,2014.5,"GULFWIDE",4.41155164281167,135218705.41652,4.38086703908257,0.923671593064456,13.521870541652,1.3521870541652,"Fall_Medium",18.7207221958551,12.3251806389054,-1.60881714663921,1.15756544115302,0.0464422899317024,"SOND",2.841017708
2014,"Fall","Small",31.6165254398685,1.43466762510486,2014.5,"GULFWIDE",2.30597696796899,28231660.44622,3.4536799408564,0.143466762510486,2.823166044622,0.2823166044622,"Fall_Small",18.7207221958551,12.3251806389054,-1.60881714663921,1.15756544115302,0.0182313813968485,"SOND",2.841017708
2015,"Summer","Large",34.8306883702158,11.9161098619624,2015,"GULFWIDE",4.35779288507159,72673020.92754,3.55049884789825,1.19161098619624,7.267302092754,0.7267302092754,"Summer_Large",20.5403023633523,8.65084782271947,0.0884277491695732,-0.0818851834541253,0.137453201584439,"MJJA",2.014201659
2015,"Summer","Medium",179.274186314995,13.2147941220035,2015,"GULFWIDE",2.81150774930967,60549176.20774,5.188916401005,1.32147941220035,6.054917620774,0.6054917620774,"Summer_Medium",20.5403023633523,8.65084782271947,0.0884277491695732,-0.0818851834541253,0.0296159085587626,"MJJA",2.014201659
2015,"Summer","Small",200.213362153961,17.7198833877751,2015,"GULFWIDE",1.60367976611785,13313878.75422,5.29938360867962,1.77198833877751,1.331387875422,0.1331387875422,"Summer_Small",20.5403023633523,8.65084782271947,0.0884277491695732,-0.0818851834541253,0.0355590557328615,"MJJA",2.014201659
2015,"Fall","Large",69.0055855708675,12.4991106317133,2015.5,"GULFWIDE",4.55318414231323,181110624.2869,4.23418745162339,1.24991106317133,18.11106242869,1.811106242869,"Fall_Large",20.5403023633523,8.65084782271947,0.0884277491695732,-0.0818851834541253,0.0727741741181673,"SOND",1.59375734
2015,"Fall","Medium",82.7957484684519,7.50525393689402,2015.5,"GULFWIDE",2.86759769693102,119193386.5705,4.41637671307354,0.750525393689402,11.91933865705,1.191933865705,"Fall_Medium",20.5403023633523,8.65084782271947,0.0884277491695732,-0.0818851834541253,0.0364199859158141,"SOND",1.59375734
2015,"Fall","Small",32.2759238114381,0.893230523631532,2015.5,"GULFWIDE",1.74925517610095,24020300.52356,3.47432155945051,0.0893230523631532,2.402030052356,0.2402030052356,"Fall_Small",20.5403023633523,8.65084782271947,0.0884277491695732,-0.0818851834541253,0.0111190400064775,"SOND",1.59375734
2016,"Summer","Large",47.7217627034916,9.63632679089192,2016,"GULFWIDE",4.88277904371158,91903065.79498,3.86538753501129,0.963632679089192,9.190306579498,0.9190306579498,"Summer_Large",21.0413629584251,7.59664052766556,0.555800691933595,-0.43749746891833,0.0811292500986132,"MJJA",1.64619339
2016,"Summer","Medium",123.535156783815,10.1808130369481,2016,"GULFWIDE",3.00596842461488,62882900.95956,4.81652578587141,1.01808130369481,6.288290095956,0.6288290095956,"Summer_Medium",21.0413629584251,7.59664052766556,0.555800691933595,-0.43749746891833,0.0331111534750294,"MJJA",1.64619339
2016,"Summer","Small",100.237693762124,13.7848418529771,2016,"GULFWIDE",1.36349750789189,14715933.29866,4.60754430316157,1.37848418529771,1.471593329866,0.1471593329866,"Summer_Small",21.0413629584251,7.59664052766556,0.555800691933595,-0.43749746891833,0.0552526536604577,"MJJA",1.64619339
2016,"Fall","Large",45.6112294717389,9.76216658287913,2016.5,"GULFWIDE",6.21792739900937,179604004.61586,3.82015394654839,0.976216658287913,17.960400461586,1.7960400461586,"Fall_Large",21.0413629584251,7.59664052766556,0.555800691933595,-0.43749746891833,0.0859917632617831,"SOND",1.755500592
2016,"Fall","Medium",51.8824274710595,5.39307169815739,2016.5,"GULFWIDE",4.18887393214666,133461751.14448,3.94898014846656,0.539307169815739,13.346175114448,1.3346175114448,"Fall_Medium",21.0413629584251,7.59664052766556,0.555800691933595,-0.43749746891833,0.0417636382623248,"SOND",1.755500592
2016,"Fall","Small",18.8872472760786,2.07950199163093,2016.5,"GULFWIDE",2.21804534012833,19830010.15424,2.93848694702376,0.207950199163093,1.983001015424,0.1983001015424,"Fall_Small",21.0413629584251,7.59664052766556,0.555800691933595,-0.43749746891833,0.0442357192861977,"SOND",1.755500592
2017,"Summer","Large",34.2026699473219,9.02808762228676,2017,"GULFWIDE",4.92061824876707,97254714.70638,3.53230370965651,0.902808762228676,9.725471470638,0.9725471470638,"Summer_Large",22.7158892923012,10.961609481298,2.11774411373841,0.697596459696655,0.106051831955783,"MJJA",1.721349829
2017,"Summer","Medium",142.578721248489,12.1331828553547,2017,"GULFWIDE",3.47942031582626,64606816.79628,4.95989427698949,1.21331828553547,6.460681679628,0.6460681679628,"Summer_Medium",22.7158892923012,10.961609481298,2.11774411373841,0.697596459696655,0.0341902633896486,"MJJA",1.721349829
2017,"Summer","Small",122.105100641466,16.1131159758896,2017,"GULFWIDE",1.54110611853533,11190816.4665,4.80488215453952,1.61131159758896,1.11908164665,0.111908164665,"Summer_Small",22.7158892923012,10.961609481298,2.11774411373841,0.697596459696655,0.0530185866261834,"MJJA",1.721349829
2017,"Fall","Large",44.3839364102981,9.08662344104663,2017.5,"GULFWIDE",5.10145524158574,206647586.5256,3.79287761141461,0.908662344104663,20.66475865256,2.066475865256,"Fall_Large",22.7158892923012,10.961609481298,2.11774411373841,0.697596459696655,0.0822543988426498,"SOND",2.115492451
2017,"Fall","Medium",81.7605838028627,7.54050854388687,2017.5,"GULFWIDE",3.79112272220055,124276737.63714,4.40379526687587,0.754050854388687,12.427673763714,1.2427673763714,"Fall_Medium",22.7158892923012,10.961609481298,2.11774411373841,0.697596459696655,0.0370543390949123,"SOND",2.115492451
2017,"Fall","Small",38.1273185761101,2.88503781328209,2017.5,"GULFWIDE",1.90789517166,21032705.32132,3.6409310481895,0.288503781328209,2.103270532132,0.2103270532132,"Fall_Small",22.7158892923012,10.961609481298,2.11774411373841,0.697596459696655,0.030401685744314,"SOND",2.115492451
2018,"Summer","Large",34.4257096933832,10.2255227834163,2018,"GULFWIDE",4.71837605093946,91096659.89138,3.53880366004153,1.02255227834163,9.109665989138,0.9109665989138,"Summer_Large",20.92959667207,9.03439237359998,0.451548753806253,0.0474946405670911,0.119339726341485,"MJJA",2.502609693
2018,"Summer","Medium",152.434962727962,13.7781541536191,2018,"GULFWIDE",3.25380794124098,63015127.4533,5.0267380311666,1.37781541536191,6.30151274533,0.630151274533,"Summer_Medium",20.92959667207,9.03439237359998,0.451548753806253,0.0474946405670911,0.0363152358928801,"MJJA",2.502609693
2018,"Summer","Small",86.7163203578054,24.659261960846,2018,"GULFWIDE",1.44488280433977,10024744.44686,4.46264210549273,2.4659261960846,1.002474444686,0.1002474444686,"Summer_Small",20.92959667207,9.03439237359998,0.451548753806253,0.0474946405670911,0.114251432004197,"MJJA",2.502609693
2018,"Fall","Large",51.0941026773258,12.0208463089032,2018.5,"GULFWIDE",5.01855298773329,215808219.14036,3.93366908306097,1.20208463089032,21.580821914036,2.1580821914036,"Fall_Large",20.92959667207,9.03439237359998,0.451548753806253,0.0474946405670911,0.094525000248975,"SOND",2.434931942
2018,"Fall","Medium",60.8527559514239,8.66981088922993,2018.5,"GULFWIDE",3.45385243293675,116060315.10832,4.10845710931055,0.866981088922993,11.606031510832,1.1606031510832,"Fall_Medium",20.92959667207,9.03439237359998,0.451548753806253,0.0474946405670911,0.0572416035965041,"SOND",2.434931942
2018,"Fall","Small",32.0494066496181,0.766913261974894,2018.5,"GULFWIDE",1.54754568558391,17294739.04202,3.46727866992286,0.0766913261974893,1.729473904202,0.1729473904202,"Fall_Small",20.92959667207,9.03439237359998,0.451548753806253,0.0474946405670911,0.00961410084810459,"SOND",2.434931942
2019,"Summer","Large",24.4803737822038,6.49742860601407,2019,"GULFWIDE",4.88494408016038,107984181.36858,3.19787172640843,0.649742860601408,10.798418136858,1.0798418136858,"Summer_Large",19.6648872142594,6.91583083638321,-0.728130883449135,-0.667152766713167,0.106636502022957,"MJJA",2.166705119
2019,"Summer","Medium",86.8351715912736,7.94919114053227,2019,"GULFWIDE",3.29851886703811,63694126.16248,4.46401174225832,0.794919114053227,6.369412616248,0.6369412616248,"Summer_Medium",19.6648872142594,6.91583083638321,-0.728130883449135,-0.667152766713167,0.0367798278396623,"MJJA",2.166705119
2019,"Summer","Small",187.100056196842,12.1964944971997,2019,"GULFWIDE",1.60329405331422,7835197.4338,5.23164353363725,1.21964944971997,0.78351974338,0.078351974338,"Summer_Small",19.6648872142594,6.91583083638321,-0.728130883449135,-0.667152766713167,0.0261904840597617,"MJJA",2.166705119
2019,"Fall","Large",36.5361505714671,8.12546140575837,2019.5,"GULFWIDE",5.17750496313892,255423714.94332,3.59830219705515,0.812546140575837,25.542371494332,2.5542371494332,"Fall_Large",19.6648872142594,6.91583083638321,-0.728130883449135,-0.667152766713167,0.0893526963371062,"SOND",2.217115677
2019,"Fall","Medium",55.5740623887195,5.45331074318056,2019.5,"GULFWIDE",3.39313131687167,117046812.01048,4.01771658860978,0.545331074318056,11.704681201048,1.1704681201048,"Fall_Medium",19.6648872142594,6.91583083638321,-0.728130883449135,-0.667152766713167,0.0394248927262698,"SOND",2.217115677
2019,"Fall","Small",30.7626323497436,0.49134503743693,2019.5,"GULFWIDE",1.84553430067428,15013109.4608,3.42630071801572,0.049134503743693,1.50131094608,0.150131094608,"Fall_Small",19.6648872142594,6.91583083638321,-0.728130883449135,-0.667152766713167,0.00641719886325725,"SOND",2.217115677
2020,"Summer","Large",36.7006614265975,6.99253856614546,2020,"GULFWIDE",4.68046753159861,129083210.47798,3.60279477742121,0.699253856614546,12.908321047798,1.2908321047798,"Summer_Large",20.9718903385032,8.98384067111625,0.490998903220363,0.0304422007493385,0.0765496832644154,"MJJA",1.223776883
2020,"Summer","Medium",195.849460823275,11.8094531922773,2020,"GULFWIDE",2.81936323656955,67909996.73766,5.2773463070995,1.18094531922773,6.790999673766,0.6790999673766,"Summer_Medium",20.9718903385032,8.98384067111625,0.490998903220363,0.0304422007493385,0.024226452678963,"MJJA",1.223776883
2020,"Summer","Small",276.666117600586,8.45437092584065,2020,"GULFWIDE",1.74321307533248,6286932.49096,5.62281142754437,0.845437092584065,0.628693249096,0.0628693249096,"Summer_Small",20.9718903385032,8.98384067111625,0.490998903220363,0.0304422007493385,0.0122774377647103,"MJJA",1.223776883
2020,"Fall","Large",58.1611051167601,8.32614451400999,2020.5,"GULFWIDE",5.40555837390546,262828059.08128,4.06321683436455,0.832614451400999,26.282805908128,2.6282805908128,"Fall_Large",20.9718903385032,8.98384067111625,0.490998903220363,0.0304422007493385,0.0575166672870314,"SOND",1.326079845
2020,"Fall","Medium",98.5874012100744,5.0535056945109,2020.5,"GULFWIDE",2.97562041568792,121286545.39254,4.59094347667035,0.50535056945109,12.128654539254,1.2128654539254,"Fall_Medium",20.9718903385032,8.98384067111625,0.490998903220363,0.0304422007493385,0.0205946188985561,"SOND",1.326079845
2020,"Fall","Small",39.7847668086075,0.365339397994311,2020.5,"GULFWIDE",1.99966936626942,11999605.56432,3.68348409552308,0.0365339397994311,1.199960556432,0.1199960556432,"Fall_Small",20.9718903385032,8.98384067111625,0.490998903220363,0.0304422007493385,0.0036894540936035,"SOND",1.326079845
2021,"Summer","Large",48.9209490709912,4.15856313937567,2021,"GULFWIDE",6.22144464823613,133520486.63052,3.89020571110076,0.415856313937567,13.352048663052,1.3352048663052,"Summer_Large",20.0715800940617,11.0598609439496,-0.348781060486554,0.730739302994809,0.0341531562462212,"MJJA",2.064034533
2021,"Summer","Medium",304.863750055276,12.1371153888044,2021,"GULFWIDE",3.68191490636116,76608761.46242,5.71986495566756,1.21371153888044,7.660876146242,0.7660876146242,"Summer_Medium",20.0715800940617,11.0598609439496,-0.348781060486554,0.730739302994809,0.0159952897784743,"MJJA",2.064034533
2021,"Summer","Small",366.232179004331,10.9727795586288,2021,"GULFWIDE",2.19867920946227,7063143.91904,5.90326750113879,1.09727795586288,0.706314391904,0.0706314391904,"Summer_Small",20.0715800940617,11.0598609439496,-0.348781060486554,0.730739302994809,0.0120376738535421,"MJJA",2.064034533
2021,"Fall","Large",43.312057324851,5.87361341229464,2021.5,"GULFWIDE",6.47320276956418,287029350.08836,3.76843105640383,0.587361341229464,28.702935008836,2.8702935008836,"Fall_Large",20.0715800940617,11.0598609439496,-0.348781060486554,0.730739302994809,0.0544852520951522,"SOND",2.34283939
2021,"Fall","Medium",107.39952566157,8.24615492050734,2021.5,"GULFWIDE",3.50734091870751,116310252.87772,4.67655576550608,0.824615492050734,11.631025287772,1.1631025287772,"Fall_Medium",20.0715800940617,11.0598609439496,-0.348781060486554,0.730739302994809,0.0308483219923381,"SOND",2.34283939
2021,"Fall","Small",30.7109450596497,0.63159289139346,2021.5,"GULFWIDE",1.95371255603988,11819380.08394,3.42461910765718,0.063159289139346,1.181938008394,0.1181938008394,"Fall_Small",20.0715800940617,11.0598609439496,-0.348781060486554,0.730739302994809,0.00826278535888629,"SOND",2.34283939
2022,"Summer","Large",67.0785218286594,4.33617367568456,2022,"GULFWIDE",4.29638469636797,132004091.6744,4.20586390076498,0.433617367568456,13.20040916744,1.320040916744,"Summer_Large",20.8532464768463,14.2958570355078,0.380331787688323,1.8223272395148,0.0259720125374166,"MJJA",3.992053255
2022,"Summer","Medium",314.115980875312,7.9248694210156,2022,"GULFWIDE",2.4198801778206,61648318.1688,5.74976228355442,0.79248694210156,6.16483181688,0.616483181688,"Summer_Medium",20.8532464768463,14.2958570355078,0.380331787688323,1.8223272395148,0.0101364177806723,"MJJA",3.992053255
2022,"Summer","Small",137.165617650088,7.02551689200128,2022,"GULFWIDE",1.20079679537534,4910729.32064,4.92118908366828,0.702551689200128,0.491072932064,0.0491072932064,"Summer_Small",20.8532464768463,14.2958570355078,0.380331787688323,1.8223272395148,0.0205785816304188,"MJJA",3.992053255
2022,"Fall","Large",37.7792486423378,5.27214346715716,2022.5,"GULFWIDE",3.49424942020108,109038479.15422,3.63175997416617,0.527214346715716,10.903847915422,1.0903847915422,"Fall_Large",20.8532464768463,14.2958570355078,0.380331787688323,1.8223272395148,0.0560681623929951,"SOND",3.5445
2022,"Fall","Medium",100.901022951624,5.88528355085481,2022.5,"GULFWIDE",1.95246160438392,52065972.61272,4.61414006557997,0.588528355085481,5.206597261272,0.5206597261272,"Fall_Medium",20.8532464768463,14.2958570355078,0.380331787688323,1.8223272395148,0.0234344217487231,"SOND",3.5445
2022,"Fall","Small",32.6179720194644,0.425794667042911,2022.5,"GULFWIDE",1.33949152023172,5881015.65194,3.48486342540937,0.0425794667042911,0.588101565194,0.0588101565194,"Fall_Small",20.8532464768463,14.2958570355078,0.380331787688323,1.8223272395148,0.00524476073921151,"SOND",3.5445
