"SIZE","Uavg","z1","z2","U","scenario","fscenario","scenario_run"
"Large",0.0931271632796266,5.09521790664557,2.41554731766667,0.0936652094680644,"status.quo","status.quo","pricestatus.quo_fuelstatus.quo"
"Medium",0.0409728470355555,2.89276354325511,2.41554731766667,0.0383398503050823,"status.quo","status.quo","pricestatus.quo_fuelstatus.quo"
"Small",0.0436358936841872,1.73926042045185,2.41554731766667,0.0394958405405381,"status.quo","status.quo","pricestatus.quo_fuelstatus.quo"
"Large",0.0698453724597199,3.82141342998418,2.41554731766667,0.0364024217776774,"farmed","status.quo","pricefarmed_fuelstatus.quo"
"Medium",0.0307296352766666,2.16957265744133,2.41554731766667,0.021891846537182,"farmed","status.quo","pricefarmed_fuelstatus.quo"
"Small",0.0327269202631404,1.30444531533889,2.41554731766667,0.0422072379874584,"farmed","status.quo","pricefarmed_fuelstatus.quo"
"Large",0.116408954099533,6.36902238330697,2.41554731766667,0.13808167829591,"tariffs","status.quo","pricetariffs_fuelstatus.quo"
"Medium",0.0512160587944444,3.61595442906889,2.41554731766667,0.0510979131955462,"tariffs","status.quo","pricetariffs_fuelstatus.quo"
"Small",0.054544867105234,2.17407552556482,2.41554731766667,0.0373927172900217,"tariffs","status.quo","pricetariffs_fuelstatus.quo"
"Large",0.13969074491944,7.64282685996836,2.41554731766667,0.174372575775533,"label.premium","status.quo","pricelabel.premium_fuelstatus.quo"
"Medium",0.0614592705533333,4.33914531488266,2.41554731766667,0.0615220095862557,"label.premium","status.quo","pricelabel.premium_fuelstatus.quo"
"Small",0.0654538405262808,2.60889063067778,2.41554731766667,0.0356743404742661,"label.premium","status.quo","pricelabel.premium_fuelstatus.quo"
"Large",0.0931271632796266,5.09521790664557,1.5,0.112938431790485,"status.quo","min","pricestatus.quo_fuelmin"
"Medium",0.0409728470355555,2.89276354325511,1.5,0.0576130726275028,"status.quo","min","pricestatus.quo_fuelmin"
"Small",0.0436358936841872,1.73926042045185,1.5,0.0587690628629585,"status.quo","min","pricestatus.quo_fuelmin"
"Large",0.0698453724597199,3.82141342998418,1.5,0.0556756441000978,"farmed","min","pricefarmed_fuelmin"
"Medium",0.0307296352766666,2.16957265744133,1.5,0.0411650688596024,"farmed","min","pricefarmed_fuelmin"
"Small",0.0327269202631404,1.30444531533889,1.5,0.0614804603098788,"farmed","min","pricefarmed_fuelmin"
"Large",0.116408954099533,6.36902238330697,1.5,0.157354900618331,"tariffs","min","pricetariffs_fuelmin"
"Medium",0.0512160587944444,3.61595442906889,1.5,0.0703711355179666,"tariffs","min","pricetariffs_fuelmin"
"Small",0.054544867105234,2.17407552556482,1.5,0.0566659396124421,"tariffs","min","pricetariffs_fuelmin"
"Large",0.13969074491944,7.64282685996836,1.5,0.193645798097954,"label.premium","min","pricelabel.premium_fuelmin"
"Medium",0.0614592705533333,4.33914531488266,1.5,0.0807952319086761,"label.premium","min","pricelabel.premium_fuelmin"
"Small",0.0654538405262808,2.60889063067778,1.5,0.0549475627966865,"label.premium","min","pricelabel.premium_fuelmin"
"Large",0.0931271632796266,5.09521790664557,4,0.0732630989754507,"status.quo","max","pricestatus.quo_fuelmax"
"Medium",0.0409728470355555,2.89276354325511,4,0.0179377398124686,"status.quo","max","pricestatus.quo_fuelmax"
"Small",0.0436358936841872,1.73926042045185,4,0.0190937300479243,"status.quo","max","pricestatus.quo_fuelmax"
"Large",0.0698453724597199,3.82141342998418,4,0.0160003112850637,"farmed","max","pricefarmed_fuelmax"
"Medium",0.0307296352766666,2.16957265744133,4,0.00148973604456824,"farmed","max","pricefarmed_fuelmax"
"Small",0.0327269202631404,1.30444531533889,4,0.0218051274948447,"farmed","max","pricefarmed_fuelmax"
"Large",0.116408954099533,6.36902238330697,4,0.117679567803296,"tariffs","max","pricetariffs_fuelmax"
"Medium",0.0512160587944444,3.61595442906889,4,0.0306958027029325,"tariffs","max","pricetariffs_fuelmax"
"Small",0.054544867105234,2.17407552556482,4,0.016990606797408,"tariffs","max","pricetariffs_fuelmax"
"Large",0.13969074491944,7.64282685996836,4,0.153970465282919,"label.premium","max","pricelabel.premium_fuelmax"
"Medium",0.0614592705533333,4.33914531488266,4,0.041119899093642,"label.premium","max","pricelabel.premium_fuelmax"
"Small",0.0654538405262808,2.60889063067778,4,0.0152722299816523,"label.premium","max","pricelabel.premium_fuelmax"
"Large",0.265,5.09521790664557,2.41554731766667,0.265,"msy","status.quo","pricemsy_fuelstatus.quo"
"Medium",0.265001,2.89276354325511,2.41554731766667,0.265001,"msy","status.quo","pricemsy_fuelstatus.quo"
"Small",0.265002,1.73926042045185,2.41554731766667,0.265002,"msy","status.quo","pricemsy_fuelstatus.quo"
"Large",0.0931271632796266,5.09521790664557,2.41554731766667,0.0936652094680644,"edm.nopricefuel","edm.nopricefuel","edm.nopricefuel_edm.nopricefuel"
"Medium",0.0409728470355555,2.89276354325511,2.41554731766667,0.0383398503050823,"edm.nopricefuel","edm.nopricefuel","edm.nopricefuel_edm.nopricefuel"
"Small",0.0436358936841872,1.73926042045185,2.41554731766667,0.0394958405405381,"edm.nopricefuel","edm.nopricefuel","edm.nopricefuel_edm.nopricefuel"
