"spp.run","name","msy","msy_annual","Umsy","Umsy_annual","Fmsy_annual","Bmsy","Bmsy_landunit","land_max"
"BSH_A211","A211_BSH1987_CPUEtailmp_bshareF_GULFYEAR_E3_global_ytransnone_sequential_nocov","261.75229464774","261.75229464774","1","1","Inf","221.716990964227","261.75229464774","105.91209554522"
"BSH_A218","A218_BSH1987_CPUEtailmp_bshareF_GULFYEAR_E4_global_ytransnone_sequential_nocov","257.062677725283","257.062677725283","1","1","Inf","219.865475628957","257.062677725283","105.91209554522"
"BSH_A20016","A20016_BSH1987_CPUEtailmp_bshareF_GULFYEAR_E5_global_ytransnone_sequential_nocov","252.916795499368","252.916795499368","1","1","Inf","209.755246481712","252.916795499368","105.91209554522"
"BSH_A127","A127_BSH1987_CPUEtailmp_bshareF_GULFYEAR_E3_global_ytranslog_sequential_nocov","242.226230731192","242.226230731192","1","1","Inf","213.289221161852","242.226230731192","105.91209554522"
"BSH_A134","A134_BSH1987_CPUEtailmp_bshareF_GULFYEAR_E4_global_ytranslog_sequential_nocov","239.105895209524","239.105895209524","1","1","Inf","210.527730361434","239.105895209524","105.91209554522"
"BSH_C21032","C21032_BSH1987_CPUEtailmp_bshareF_SIZEYEAR_E5_local_ytransnone_sequential_nocov","1645.24603296085","1645.24603296085","1","1","Inf","204.349681441884","1645.24603296085","105.91209554522"
"BSH_C21016","C21016_BSH1987_CPUEtailmp_bshareT_SIZEYEAR_E5_local_ytransnone_sequential_nocov","2112.95493661327","2112.95493661327","1","1","Inf","203.899943563763","2112.95493661327","105.91209554522"
"BSH_C10435","C10435_BSH1987_CPUEtailmp_bshareF_SIZEYEAR_E3_local_ytransnone_sequential_nocov","338.188426737365","338.188426737365","1","1","Inf","230.080234098874","338.188426737365","105.91209554522"
"BSH_C10218","C10218_BSH1987_CPUEtailmp_bshareT_SIZEYEAR_E4_local_ytransnone_sequential_nocov","4439.66275128454","4439.66275128454","1","1","Inf","202.391766020757","4439.66275128454","105.91209554522"
"BSH_G10890","G10890_BSH1987_CPUEtailmp_bshareF_SEAS_SIZEYEAR_E4_local_ytransnone_sequential_nocov","390.465437218508","780.930874437016","1","1","Inf","363.1507005167","390.465437218508","105.91209554522"
"BSH_C10211","C10211_BSH1987_CPUEtailmp_bshareT_SIZEYEAR_E3_local_ytransnone_sequential_nocov","964.598464397459","964.598464397459","1","1","Inf","188.629610984716","964.598464397459","105.91209554522"
"BSH_G10442","G10442_BSH1987_CPUEtailmp_bshareT_SEAS_SIZEYEAR_E4_local_ytransnone_sequential_nocov","922.446893953839","1844.89378790768","1","1","Inf","370.615682053651","922.446893953839","105.91209554522"
"BSH_G21040","G21040_BSH1987_CPUEtailmp_bshareF_SEAS_SIZEYEAR_E5_local_ytranslog_sequential_nocov","158.637203255701","317.274406511401","1","1","Inf","263.513185807247","158.637203255701","105.91209554522"
"BSH_C10267","C10267_BSH1987_CPUEtailmp_bshareF_SIZEYEAR_E3_local_ytranslog_sequential_nocov","230.643938414958","230.643938414958","1","1","Inf","212.850021856485","230.643938414958","105.91209554522"
"BSH_G10876","G10876_BSH1987_CPUEtailmp_bshareF_SEAS_SIZEYEAR_E3_local_ytransnone_sequential_nocov","955.955196330409","1911.91039266082","1","1","Inf","373.776228347307","955.955196330409","105.91209554522"
"BSH_G21016","G21016_BSH1987_CPUEtailmp_bshareT_SEAS_SIZEYEAR_E5_local_ytransgr1_sequential_nocov","15523.4769162823","31046.9538325646","0.979591836734694","0.999583506872137","7.78364059622125","5275.45501970096","15803.2333781279","105.91209554522"
"BSH_G10554","G10554_BSH1987_CPUEtailmp_bshareF_SEAS_SIZEYEAR_E4_local_ytranslog_sequential_nocov","254.671023544193","509.342047088386","1","1","Inf","331.039762505512","254.671023544193","105.91209554522"
"BSH_G10106","G10106_BSH1987_CPUEtailmp_bshareT_SEAS_SIZEYEAR_E4_local_ytranslog_sequential_nocov","845.094442814619","1690.18888562924","1","1","Inf","339.537436113004","845.094442814619","105.91209554522"
"BSH_G21008","G21008_BSH1987_CPUEtailmp_bshareT_SEAS_SIZEYEAR_E5_local_ytranslog_sequential_nocov","753.445995362423","1506.89199072485","1","1","Inf","302.715422743686","753.445995362423","105.91209554522"
"BSH_C10274","C10274_BSH1987_CPUEtailmp_bshareF_SIZEYEAR_E4_local_ytranslog_sequential_nocov","543.629587909885","543.629587909885","1","1","Inf","180.934641685458","543.629587909885","105.91209554522"
"BSH_C21004","C21004_BSH1987_CPUEtailmp_bshareT_SIZEYEAR_E5_local_ytranslog_sequential_nocov","496.254646384364","496.254646384364","1","1","Inf","179.809956640687","496.254646384364","105.91209554522"
"BSH_G21032","G21032_BSH1987_CPUEtailmp_bshareT_SEAS_SIZEYEAR_E5_local_ytransnone_sequential_nocov","1001.35271090628","2002.70542181255","1","1","Inf","402.315741261733","1001.35271090628","105.91209554522"
"BSH_G21064","G21064_BSH1987_CPUEtailmp_bshareF_SEAS_SIZEYEAR_E5_local_ytransnone_sequential_nocov","9376.97660545169","18753.9532109034","0.448979591836735","0.696376509787588","1.19196686421259","567.228472771586","21497.362887361","105.91209554522"
"BSH_G10428","G10428_BSH1987_CPUEtailmp_bshareT_SEAS_SIZEYEAR_E3_local_ytransnone_sequential_nocov","983.692793967817","1967.38558793563","1","1","Inf","395.22272572787","983.692793967817","105.91209554522"
"BSH_D10442","D10442_BSH1987_CPUEtailmp_bshareF_SIZE_AREAYEAR_E4_local_ytransnone_sequential_nocov","492.157301414526","492.157301414526","1","1","Inf","231.203591711889","492.157301414526","105.91209554522"
"BSH_C10043","C10043_BSH1987_CPUEtailmp_bshareT_SIZEYEAR_E3_local_ytranslog_sequential_nocov","480.222242826807","480.222242826807","1","1","Inf","173.992196589539","480.222242826807","105.91209554522"
"BSH_G10540","G10540_BSH1987_CPUEtailmp_bshareF_SEAS_SIZEYEAR_E3_local_ytranslog_sequential_nocov","254.039180463673","508.078360927347","1","1","Inf","330.959039842877","254.039180463673","105.91209554522"
"BSH_D10435","D10435_BSH1987_CPUEtailmp_bshareF_SIZE_AREAYEAR_E3_local_ytransnone_sequential_nocov","6398.96667180872","6398.96667180872","1","1","Inf","328.227121361135","6398.96667180872","105.91209554522"
"BSH_D10211","D10211_BSH1987_CPUEtailmp_bshareT_SIZE_AREAYEAR_E3_local_ytransnone_sequential_nocov","608.36897996772","608.36897996772","1","1","Inf","348.20598749117","608.36897996772","105.91209554522"
"BSH_C21020","C21020_BSH1987_CPUEtailmp_bshareF_SIZEYEAR_E5_local_ytranslog_sequential_nocov","176.03230000075","176.03230000075","1","1","Inf","108.335549971397","176.03230000075","105.91209554522"
"BSH_D10218","D10218_BSH1987_CPUEtailmp_bshareT_SIZE_AREAYEAR_E4_local_ytransnone_sequential_nocov","631.615942361453","631.615942361453","1","1","Inf","352.278816997682","631.615942361453","105.91209554522"
"BSH_G21024","G21024_BSH1987_CPUEtailmp_bshareT_SEAS_SIZEYEAR_E5_local_ytransgr2_sequential_nocov","20374022.7508649","40748045.5017297","0.0204081632653061","0.0403998334027489","0.0412385744054714","631399787.652212","1571527598.98213","105.91209554522"
"BSH_C10050","C10050_BSH1987_CPUEtailmp_bshareT_SIZEYEAR_E4_local_ytranslog_sequential_nocov","774.799013307284","774.799013307284","1","1","Inf","128.793827372882","774.799013307284","105.91209554522"
"BSH_C21012","C21012_BSH1987_CPUEtailmp_bshareT_SIZEYEAR_E5_local_ytransgr2_sequential_nocov","7.30500290574831e+23","7.30500290574831e+23","0.0204081632653061","0.0204081632653061","0.0206192872027357","2.65630218160594e+25","7.33108624489037e+25","105.91209554522"
"BSH_G10092","G10092_BSH1987_CPUEtailmp_bshareT_SEAS_SIZEYEAR_E3_local_ytranslog_sequential_nocov","852.130473327641","1704.26094665528","1","1","Inf","342.364334078215","852.130473327641","105.91209554522"
"BSH_G21023","G21023_BSH1987_CPUEtailmp_bshareT_SIZEYEAR2_E5_local_ytransgr2_sequential_nocov","280.304750819447","560.609501638894","0.693877551020408","0.906289046230737","2.36754019401683","162.304305540016","403.968611611662","105.91209554522"
"BSH_G10435","G10435_BSH1987_CPUEtailmp_bshareT_SIZEYEAR2_E4_local_ytransnone_sequential_nocov","398.548448908602","797.096897817204","0.489795918367347","0.739691795085381","1.34588894648485","244.99829755793","813.703083188758","105.91209554522"
"BSH_G21031","G21031_BSH1987_CPUEtailmp_bshareT_SIZEYEAR2_E5_local_ytransnone_sequential_nocov","363.054176703806","726.108353407613","0.489795918367347","0.739691795085381","1.34588894648485","241.463012315276","741.235610770271","105.91209554522"
"BSH_F421","F421_BSH1987_CPUEtailmp_bshareT_AREA_ASSESSYEAR2_E3_local_ytransnone_sequential_nocov","1809.46365430126","3618.92730860253","1","1","Inf","403.4218724923","1809.46365430126","105.91209554522"
"BSH_E20064","E20064_BSH1987_CPUEtailmp_bshareF_SEASONYEAR_E5_local_ytransnone_sequential_nocov","193.88043821457","387.76087642914","1","1","Inf","344.807540476074","193.88043821457","105.91209554522"
"BSH_E890","E890_BSH1987_CPUEtailmp_bshareF_SEASONYEAR_E4_local_ytransnone_sequential_nocov","208.175387090399","416.350774180798","1","1","Inf","369.749812694039","208.175387090399","105.91209554522"
"BSH_E20032","E20032_BSH1987_CPUEtailmp_bshareT_SEASONYEAR_E5_local_ytransnone_sequential_nocov","211.206149484422","422.412298968845","1","1","Inf","354.065966122678","211.206149484422","105.91209554522"
"BSH_E442","E442_BSH1987_CPUEtailmp_bshareT_SEASONYEAR_E4_local_ytransnone_sequential_nocov","224.064996313016","448.129992626031","1","1","Inf","375.622535553557","224.064996313016","105.91209554522"
"BSH_E20040","E20040_BSH1987_CPUEtailmp_bshareF_SEASONYEAR_E5_local_ytranslog_sequential_nocov","169.169712293677","338.339424587354","1","1","Inf","301.48394368369","169.169712293677","105.91209554522"
"BSH_E554","E554_BSH1987_CPUEtailmp_bshareF_SEASONYEAR_E4_local_ytranslog_sequential_nocov","189.995854521878","379.991709043756","1","1","Inf","338.112399214729","189.995854521878","105.91209554522"
"BSH_E20008","E20008_BSH1987_CPUEtailmp_bshareT_SEASONYEAR_E5_local_ytranslog_sequential_nocov","182.81233226638","365.62466453276","1","1","Inf","306.413531592964","182.81233226638","105.91209554522"
"BSH_E106","E106_BSH1987_CPUEtailmp_bshareT_SEASONYEAR_E4_local_ytranslog_sequential_nocov","204.327357353641","408.654714707283","1","1","Inf","342.53435973959","204.327357353641","105.91209554522"
"BSH_G20047","G20047_BSH1987_CPUEtailmp_bshareF_SIZEYEAR2_E5_local_ytransgr1_sequential_nocov","4.44542707869744e+34","8.89085415739488e+34","1","1","Inf","4.72027256615631e+30","4.47646119252822e+34","105.91209554522"
"BSH_G10323","G10323_BSH1987_CPUEtailmp_bshareT_SIZEYEAR2_E4_local_ytransgr2_sequential_nocov","185.914341077288","371.828682154576","0.551020408163265","0.798417326114119","1.60155568950462","135.557729808087","337.397506009478","105.91209554522"
"BSH_F20015","F20015_BSH1987_CPUEtailmp_bshareT_AREA_ASSESSYEAR2_E5_local_ytransgr1_sequential_nocov","24371144536.0783","48742289072.1566","1","1","Inf","133784243.022895","27946046498.1978","105.91209554522"
"BSH_E428","E428_BSH1987_CPUEtailmp_bshareT_SEASONYEAR_E3_local_ytransnone_sequential_nocov","228.959395219461","457.918790438923","1","1","Inf","383.827505350273","228.959395219461","105.91209554522"
"BSH_E876","E876_BSH1987_CPUEtailmp_bshareF_SEASONYEAR_E3_local_ytransnone_sequential_nocov","240.878941580836","481.757883161673","1","1","Inf","386.607389166442","240.878941580836","105.91209554522"
"BSH_G20023","G20023_BSH1987_CPUEtailmp_bshareT_SIZEYEAR2_E5_local_ytransgr2_sequential_nocov","107.534729990862","215.069459981724","0.26530612244898","0.460224906289046","0.616602719309033","162.876930995083","405.393852361051","105.91209554522"
"BSH_C21024","C21024_BSH1987_CPUEtailmp_bshareF_SIZEYEAR_E5_local_ytransgr1_sequential_nocov","505978282.534493","505978282.534493","1","1","Inf","72565201.3087687","606354794.992922","105.91209554522"
