"spp.run","fullrun","stats","est","ind"
"BSH_G20023_price","G20023_BSH1987_CPUEremovals_est_price_bshareT_SIZEYEAR2_E5_local_ytransgr2_sequential_nocov","R2",0.69525092802493,0
"BSH_G20023_price","G20023_BSH1987_CPUEremovals_est_price_bshareT_SIZEYEAR2_E5_local_ytransgr2_sequential_nocov","rmse",38.7083724106167,0
"BSH_G20023_price","G20023_BSH1987_CPUEremovals_est_price_bshareT_SIZEYEAR2_E5_local_ytransgr2_sequential_nocov","ln_post",3.73281781145906,0
"BSH_G20023_price","G20023_BSH1987_CPUEremovals_est_price_bshareT_SIZEYEAR2_E5_local_ytransgr2_sequential_nocov","ln_prior",-9.02573358166046,0
"BSH_G20023_price","G20023_BSH1987_CPUEremovals_est_price_bshareT_SIZEYEAR2_E5_local_ytransgr2_sequential_nocov","lnL_LOO",32.2587448654446,0
"BSH_G20023_price","G20023_BSH1987_CPUEremovals_est_price_bshareT_SIZEYEAR2_E5_local_ytransgr2_sequential_nocov","df",33.2492241915035,0
"BSH_G20023_price","G20023_BSH1987_CPUEremovals_est_price_bshareT_SIZEYEAR2_E5_local_ytransgr2_sequential_nocov","SS",197.510491648288,0
"BSH_G20023_price","G20023_BSH1987_CPUEremovals_est_price_bshareT_SIZEYEAR2_E5_local_ytransgr2_sequential_nocov","logdet",-111.513797217263,0
"BSH_G20023_price","G20023_BSH1987_CPUEremovals_est_price_bshareT_SIZEYEAR2_E5_local_ytransgr2_sequential_nocov","R2centered",0.630203153194738,0
"BSH_G20023_price","G20023_BSH1987_CPUEremovals_est_price_bshareT_SIZEYEAR2_E5_local_ytransgr2_sequential_nocov","R2scaled",0.693849437702582,0
"BSH_G20023_price","G20023_BSH1987_CPUEremovals_est_price_bshareT_SIZEYEAR2_E5_local_ytransgr2_sequential_nocov","R2_out",0.433592646845871,0
"BSH_G20023_price","G20023_BSH1987_CPUEremovals_est_price_bshareT_SIZEYEAR2_E5_local_ytransgr2_sequential_nocov","rmse_out",52.771344136606,0
"BSH_G20023_price","G20023_BSH1987_CPUEremovals_est_price_bshareT_SIZEYEAR2_E5_local_ytransgr2_sequential_nocov","R2centered_out",0.312705176113706,0
"BSH_G20023_price","G20023_BSH1987_CPUEremovals_est_price_bshareT_SIZEYEAR2_E5_local_ytransgr2_sequential_nocov","R2scaled_out",0.420402288763708,0
"BSH_G20023","G20023_BSH1987_CPUEremovals_est_price_bshareT_SIZEYEAR2_E5_local_ytransgr2_sequential_nocov","R2pop_Large",0.84222126781434,0
"BSH_G20023","G20023_BSH1987_CPUEremovals_est_price_bshareT_SIZEYEAR2_E5_local_ytransgr2_sequential_nocov","rmsepop_Large",9.19680067580259,0
"BSH_G20023","G20023_BSH1987_CPUEremovals_est_price_bshareT_SIZEYEAR2_E5_local_ytransgr2_sequential_nocov","R2pop_out_Large",0.672356718548733,0
"BSH_G20023","G20023_BSH1987_CPUEremovals_est_price_bshareT_SIZEYEAR2_E5_local_ytransgr2_sequential_nocov","rmsepop_out_Large",13.2529688276699,0
"BSH_G20023","G20023_BSH1987_CPUEremovals_est_price_bshareT_SIZEYEAR2_E5_local_ytransgr2_sequential_nocov","R2pop_Medium",0.630915247204966,0
"BSH_G20023","G20023_BSH1987_CPUEremovals_est_price_bshareT_SIZEYEAR2_E5_local_ytransgr2_sequential_nocov","rmsepop_Medium",44.3794977927544,0
"BSH_G20023","G20023_BSH1987_CPUEremovals_est_price_bshareT_SIZEYEAR2_E5_local_ytransgr2_sequential_nocov","R2pop_out_Medium",0.286266446940948,0
"BSH_G20023","G20023_BSH1987_CPUEremovals_est_price_bshareT_SIZEYEAR2_E5_local_ytransgr2_sequential_nocov","rmsepop_out_Medium",61.7145246115752,0
"BSH_G20023","G20023_BSH1987_CPUEremovals_est_price_bshareT_SIZEYEAR2_E5_local_ytransgr2_sequential_nocov","R2pop_Small",0.611486859870847,0
"BSH_G20023","G20023_BSH1987_CPUEremovals_est_price_bshareT_SIZEYEAR2_E5_local_ytransgr2_sequential_nocov","rmsepop_Small",49.4053976507572,0
"BSH_G20023","G20023_BSH1987_CPUEremovals_est_price_bshareT_SIZEYEAR2_E5_local_ytransgr2_sequential_nocov","R2pop_out_Small",0.304414802651329,0
"BSH_G20023","G20023_BSH1987_CPUEremovals_est_price_bshareT_SIZEYEAR2_E5_local_ytransgr2_sequential_nocov","rmsepop_out_Small",66.1068873505052,0
