"spp.run","name","msy","msy_annual","Umsy","Umsy_annual","Fmsy_annual","Bmsy","Bmsy_landunit","land_max","msy_fac","msy_drop5","msy_drop10"
"BSH_G21023_0","G21023_BSH1987_CPUEtailmp_bshareT_SIZEYEAR2_E5_local_ytransgr2_sequential_nocov","280.304750819447","560.609501638894","0.693877551020408","0.906289046230737","2.36754019401683","162.304305540016","403.968611611662","105.91209554522","5.29315843249971","1","0"
"BSH_G21023_1","G21023_BSH1987_CPUEtailmp_bshareT_SIZEYEAR2_E5_local_ytransgr2_sequential_nocov","283.89468085949","567.789361718979","0.693877551020408","0.906289046230737","2.36754019401683","164.382975664617","409.142334400099","105.91209554522","5.36094917956334","1","0"
"BSH_G21023_2","G21023_BSH1987_CPUEtailmp_bshareT_SIZEYEAR2_E5_local_ytransgr2_sequential_nocov","318.476519369115","636.95303873823","0.714285714285714","0.918367346938775","2.50552593699074","179.138062860868","445.867127800044","105.91209554522","6.01397824733135","1","0"
"BSH_G21023_3","G21023_BSH1987_CPUEtailmp_bshareT_SIZEYEAR2_E5_local_ytransgr2_sequential_nocov","341.290571026554","682.581142053109","0.73469387755102","0.929612661391087","2.65374188129818","186.638091378235","464.534384328624","105.91209554522","6.44478931834257","1","0"
"BSH_G21023_4","G21023_BSH1987_CPUEtailmp_bshareT_SIZEYEAR2_E5_local_ytransgr2_sequential_nocov","359.312602914023","718.625205828047","0.755102040816326","0.940024989587672","2.81382729664525","191.182980740752","475.846423399898","105.91209554522","6.78510987936431","1","0"
"BSH_G21023_5","G21023_BSH1987_CPUEtailmp_bshareT_SIZEYEAR2_E5_local_ytransgr2_sequential_nocov","363.864820330489","727.729640660978","0.755102040816326","0.940024989587672","2.81382729664525","193.605129574546","481.8750502946","105.91209554522","6.87107206136122","1","0"
"BSH_G10435_0","G10435_BSH1987_CPUEtailmp_bshareT_SIZEYEAR2_E4_local_ytransnone_sequential_nocov","398.548448908602","797.096897817204","0.489795918367347","0.739691795085381","1.34588894648485","244.99829755793","813.703083188758","105.91209554522","7.52602329048319","1","0"
"BSH_G10435_1","G10435_BSH1987_CPUEtailmp_bshareT_SIZEYEAR2_E4_local_ytransnone_sequential_nocov","459.722593940793","919.445187881586","0.530612244897959","0.779675135360266","1.51265216436295","250.992104315868","866.40027319611","105.91209554522","8.68121042406365","1","0"
"BSH_G10435_2","G10435_BSH1987_CPUEtailmp_bshareT_SIZEYEAR2_E4_local_ytransnone_sequential_nocov","689.5468437297","1379.0936874594","0.530612244897959","0.779675135360266","1.51265216436295","248.078776075306","1299.530590106","105.91209554522","13.0211160525154","1","1"
"BSH_G10435_3","G10435_BSH1987_CPUEtailmp_bshareT_SIZEYEAR2_E4_local_ytransnone_sequential_nocov","298.63570396708","597.271407934161","0.510204081632653","0.760099958350687","1.42753293552536","234.894607282809","584.642829180572","105.91209554522","5.6393125342247","1","0"
"BSH_G10435_4","G10435_BSH1987_CPUEtailmp_bshareT_SIZEYEAR2_E4_local_ytransnone_sequential_nocov","492.734042026998","985.468084053995","0.653061224489796","0.87963348604748","2.11721390810882","303.138495882317","754.499006666433","105.91209554522","9.304584891659","1","0"
"BSH_G10435_5","G10435_BSH1987_CPUEtailmp_bshareT_SIZEYEAR2_E4_local_ytransnone_sequential_nocov","402.22114665802","804.442293316039","0.591836734693878","0.833402748854644","1.79217604911327","273.035247798242","679.573284313817","105.91209554522","7.59537698857615","1","0"
"BSH_G21031_0","G21031_BSH1987_CPUEtailmp_bshareT_SIZEYEAR2_E5_local_ytransnone_sequential_nocov","363.054176703806","726.108353407613","0.489795918367347","0.739691795085381","1.34588894648485","241.463012315276","741.235610770271","105.91209554522","6.85576420398176","1","0"
"BSH_G21031_1","G21031_BSH1987_CPUEtailmp_bshareT_SIZEYEAR2_E5_local_ytransnone_sequential_nocov","377.506453268626","755.012906537252","0.530612244897959","0.779675135360266","1.51265216436295","240.882734412765","711.454469621642","105.91209554522","7.12867498891943","1","0"
"BSH_G21031_2","G21031_BSH1987_CPUEtailmp_bshareT_SIZEYEAR2_E5_local_ytransnone_sequential_nocov","609.969526541008","1219.93905308202","0.530612244897959","0.779675135360266","1.51265216436295","245.311706741358","1149.55795386575","105.91209554522","11.5184110634574","1","1"
"BSH_G21031_3","G21031_BSH1987_CPUEtailmp_bshareT_SIZEYEAR2_E5_local_ytransnone_sequential_nocov","303.73105424053","607.462108481061","0.489795918367347","0.739691795085381","1.34588894648485","249.312345306398","620.527974633685","105.91209554522","5.73553101139144","1","0"
"BSH_G21031_4","G21031_BSH1987_CPUEtailmp_bshareT_SIZEYEAR2_E5_local_ytransnone_sequential_nocov","485.518428205529","971.036856411057","0.653061224489796","0.87963348604748","2.11721390810882","298.699324324784","743.450094779369","105.91209554522","9.16832823873708","1","0"
"BSH_G21031_5","G21031_BSH1987_CPUEtailmp_bshareT_SIZEYEAR2_E5_local_ytransnone_sequential_nocov","406.930101726127","813.860203452253","0.591836734693878","0.833402748854644","1.79217604911327","276.249320244764","687.572975877887","105.91209554522","7.68429893925356","1","0"
"BSH_G10323_0","G10323_BSH1987_CPUEtailmp_bshareT_SIZEYEAR2_E4_local_ytransgr2_sequential_nocov","185.914341077288","371.828682154576","0.551020408163265","0.798417326114119","1.60155568950462","135.557729808087","337.397506009478","105.91209554522","3.51072915931327","0","0"
"BSH_G10323_1","G10323_BSH1987_CPUEtailmp_bshareT_SIZEYEAR2_E4_local_ytransgr2_sequential_nocov","199.028842860554","398.057685721107","0.612244897959184","0.849645980841316","1.89476263788837","130.607120877279","325.075647943195","105.91209554522","3.75837796119476","0","0"
"BSH_G10323_2","G10323_BSH1987_CPUEtailmp_bshareT_SIZEYEAR2_E4_local_ytransgr2_sequential_nocov","205.305343557829","410.610687115659","0.63265306122449","0.865056226572261","2.00289708042892","130.381796561564","324.514825168476","105.91209554522","3.87690079213235","0","0"
"BSH_G10323_3","G10323_BSH1987_CPUEtailmp_bshareT_SIZEYEAR2_E4_local_ytransgr2_sequential_nocov","220.053003498241","440.106006996481","0.653061224489796","0.87963348604748","2.11721390810882","135.380408041907","336.956159567965","105.91209554522","4.15538947398672","0","0"
"BSH_G10323_4","G10323_BSH1987_CPUEtailmp_bshareT_SIZEYEAR2_E4_local_ytransgr2_sequential_nocov","219.797162021032","439.594324042063","0.653061224489796","0.87963348604748","2.11721390810882","135.222993046353","336.564360243916","105.91209554522","4.15055826984725","0","0"
"BSH_G10323_5","G10323_BSH1987_CPUEtailmp_bshareT_SIZEYEAR2_E4_local_ytransgr2_sequential_nocov","218.383996037973","436.767992075946","0.653061224489796","0.87963348604748","2.11721390810882","134.353587935708","334.400447374775","105.91209554522","4.12387263067103","0","0"
"BSH_G20023_0","G20023_BSH1987_CPUEtailmp_bshareT_SIZEYEAR2_E5_local_ytransgr2_sequential_nocov","107.534729990862","215.069459981724","0.26530612244898","0.460224906289046","0.616602719309033","162.876930995083","405.393852361051","105.91209554522","2.03064115457804","0","0"
"BSH_G20023_1","G20023_BSH1987_CPUEtailmp_bshareT_SIZEYEAR2_E5_local_ytransgr2_sequential_nocov","108.828630947836","217.657261895672","0.26530612244898","0.460224906289046","0.616602719309033","164.806300093001","410.195971153768","105.91209554522","2.05507464256282","0","0"
"BSH_G20023_2","G20023_BSH1987_CPUEtailmp_bshareT_SIZEYEAR2_E5_local_ytransgr2_sequential_nocov","109.645975910624","219.291951821248","0.285714285714286","0.489795918367347","0.672944473242426","154.18487658802","383.759693370682","105.91209554522","2.07050904518852","0","0"
"BSH_G20023_3","G20023_BSH1987_CPUEtailmp_bshareT_SIZEYEAR2_E5_local_ytransgr2_sequential_nocov","116.771328784317","233.542657568634","0.326530612244898","0.546438983756768","0.790625473288292","143.679419550593","357.612051263251","105.91209554522","2.20506124788101","0","0"
"BSH_G20023_4","G20023_BSH1987_CPUEtailmp_bshareT_SIZEYEAR2_E5_local_ytransgr2_sequential_nocov","114.039042297105","228.07808459421","0.326530612244898","0.546438983756768","0.790625473288292","140.31752062985","349.244425802715","105.91209554522","2.15346588527116","0","0"
"BSH_G20023_5","G20023_BSH1987_CPUEtailmp_bshareT_SIZEYEAR2_E5_local_ytransgr2_sequential_nocov","116.200246028919","232.400492057839","0.306122448979592","0.518533944189921","0.73091954698893","152.508574308731","379.587447279286","105.91209554522","2.19427715844424","0","0"
