"spp.run","fullrun","R2_out","R2_out_0","R2scaled_out_0","rho_0","b_0","b11-17_0","b18-21_0","bLarge_0","bMedium_0","bSmall_0","bSmedium_0","bLarge_11-17_0","bMedium_11-17_0","bSmall_11-17_0","bLarge_18-21_0","bMedium_18-21_0","bSmall_18-21_0","bSmedium_11-17_0","bSmedium_18-21_0","bSummer_0","bFall_0","bSummer_11-17_0","bSummer_18-21_0","bFall_11-17_0","bFall_18-21_0","bSummer_Large_0","bSummer_Medium_0","bSummer_Small_0","bFall_Large_0","bFall_Medium_0","bFall_Small_0","bSummer_Smedium_0","bFall_Smedium_0","bLarge_1","bMedium_1","bSmall_1","bSmedium_1","bSummer_1","bFall_1","R2_0","df_0","R2scaled_0","R2pop_out_11-17_0","R2pop_out_18-21_0","R2pop_out_Large_0","R2pop_out_Medium_0","R2pop_out_Small_0","R2_Large_1","df_Large_1","R2_out_Large_1","R2_Medium_1","df_Medium_1","R2_out_Medium_1","R2_Small_1","df_Small_1","R2_out_Small_1","R2pop_out_Smedium_0","R2_Smedium_1","df_Smedium_1","R2_out_Smedium_1","R2pop_out_Large_11-17_0","R2pop_out_Medium_11-17_0","R2pop_out_Small_11-17_0","R2pop_out_Large_18-21_0","R2pop_out_Medium_18-21_0","R2pop_out_Small_18-21_0","R2pop_out_Smedium_11-17_0","R2pop_out_Smedium_18-21_0","R2pop_out_Summer_0","R2pop_out_Fall_0","R2_Summer_1","df_Summer_1","R2_out_Summer_1","R2_Fall_1","df_Fall_1","R2_out_Fall_1","R2pop_out_Summer_11-17_0","R2pop_out_Summer_18-21_0","R2pop_out_Fall_11-17_0","R2pop_out_Fall_18-21_0","R2pop_out_Summer_Large_0","R2pop_out_Summer_Medium_0","R2pop_out_Summer_Small_0","R2pop_out_Fall_Large_0","R2pop_out_Fall_Medium_0","R2pop_out_Fall_Small_0","R2pop_out_Summer_Smedium_0","R2pop_out_Fall_Smedium_0","NA_NA","stratum","run","data","startyr","assessment","species","index_source","y1","y2","z1","z2","pop","time","E","tau","forecast","nfore","vtimestep","append","scaling","rhofixed","rhomatrix","augdata","predictmethod","newdata","xname","ytrans","bshared","linprior","zlag1","zlag2","eval","b_round","df_round","criteria","n"
"BSH_A211","A211_BSH1987_CPUEtailmp_bshareF_GULFYEAR_E3_global_ytransnone_sequential_nocov",0.340292836263291,0.340292836263291,NA,0.5,0.847048891252734,NA,NA,NA,NA,NA,NA,NA,NA,NA,NA,NA,NA,NA,NA,NA,NA,NA,NA,NA,NA,NA,NA,NA,NA,NA,NA,NA,NA,NA,NA,NA,NA,NA,NA,0.649819497930549,7.46142315158874,NA,NA,NA,NA,NA,NA,NA,NA,NA,NA,NA,NA,NA,NA,NA,NA,NA,NA,NA,NA,NA,NA,NA,NA,NA,NA,NA,NA,NA,NA,NA,NA,NA,NA,NA,NA,NA,NA,NA,NA,NA,NA,NA,NA,NA,NA,NA,NA,"A",211,"cpue_land_A",1987,"BSH","Brown Shrimp","SEAMAP","CPUE","tailmp","none",NA,"GULF","YEAR",3,1,"FALSE",NA,"FALSE","TRUE","global",NA,NA,NA,"sequential",NA,NA,"none",FALSE,FALSE,NA,NA,"Y",0.85,7,"gulf",1
"BSH_A218","A218_BSH1987_CPUEtailmp_bshareF_GULFYEAR_E4_global_ytransnone_sequential_nocov",0.32296494183914,0.32296494183914,NA,0.5,0.855299095047637,NA,NA,NA,NA,NA,NA,NA,NA,NA,NA,NA,NA,NA,NA,NA,NA,NA,NA,NA,NA,NA,NA,NA,NA,NA,NA,NA,NA,NA,NA,NA,NA,NA,NA,0.64806684531166,7.40528891972828,NA,NA,NA,NA,NA,NA,NA,NA,NA,NA,NA,NA,NA,NA,NA,NA,NA,NA,NA,NA,NA,NA,NA,NA,NA,NA,NA,NA,NA,NA,NA,NA,NA,NA,NA,NA,NA,NA,NA,NA,NA,NA,NA,NA,NA,NA,NA,NA,"A",218,"cpue_land_A",1987,"BSH","Brown Shrimp","SEAMAP","CPUE","tailmp","none",NA,"GULF","YEAR",4,1,"FALSE",NA,"FALSE","TRUE","global",NA,NA,NA,"sequential",NA,NA,"none",FALSE,FALSE,NA,NA,"Y",0.86,7,"gulf",1
"BSH_A20016","A20016_BSH1987_CPUEtailmp_bshareF_GULFYEAR_E5_global_ytransnone_sequential_nocov",0.321925999507313,0.321925999507313,NA,0.5,0.829344868408458,NA,NA,NA,NA,NA,NA,NA,NA,NA,NA,NA,NA,NA,NA,NA,NA,NA,NA,NA,NA,NA,NA,NA,NA,NA,NA,NA,NA,NA,NA,NA,NA,NA,NA,0.649450674094039,7.07845979821034,NA,NA,NA,NA,NA,NA,NA,NA,NA,NA,NA,NA,NA,NA,NA,NA,NA,NA,NA,NA,NA,NA,NA,NA,NA,NA,NA,NA,NA,NA,NA,NA,NA,NA,NA,NA,NA,NA,NA,NA,NA,NA,NA,NA,NA,NA,NA,NA,"A",20016,"cpue_land_A",1987,"BSH","Brown Shrimp","SEAMAP","CPUE","tailmp","none",NA,"GULF","YEAR",5,1,"FALSE",NA,"FALSE","TRUE","global",NA,NA,NA,"sequential",NA,NA,"none",FALSE,FALSE,NA,NA,"Y",0.83,7,"gulf",1
"BSH_A127","A127_BSH1987_CPUEtailmp_bshareF_GULFYEAR_E3_global_ytranslog_sequential_nocov",0.30723209923449,0.30723209923449,NA,0.5,0.880537258570263,NA,NA,NA,NA,NA,NA,NA,NA,NA,NA,NA,NA,NA,NA,NA,NA,NA,NA,NA,NA,NA,NA,NA,NA,NA,NA,NA,NA,NA,NA,NA,NA,NA,NA,0.633722593851868,7.56470154317927,NA,NA,NA,NA,NA,NA,NA,NA,NA,NA,NA,NA,NA,NA,NA,NA,NA,NA,NA,NA,NA,NA,NA,NA,NA,NA,NA,NA,NA,NA,NA,NA,NA,NA,NA,NA,NA,NA,NA,NA,NA,NA,NA,NA,NA,NA,NA,NA,"A",127,"cpue_land_A",1987,"BSH","Brown Shrimp","SEAMAP","CPUE","tailmp","none",NA,"GULF","YEAR",3,1,"FALSE",NA,"FALSE","TRUE","global",NA,NA,NA,"sequential",NA,NA,"log",FALSE,FALSE,NA,NA,"Y",0.88,8,"gulf",1
"BSH_A134","A134_BSH1987_CPUEtailmp_bshareF_GULFYEAR_E4_global_ytranslog_sequential_nocov",0.287327244203162,0.287327244203162,NA,0.5,0.880479045390967,NA,NA,NA,NA,NA,NA,NA,NA,NA,NA,NA,NA,NA,NA,NA,NA,NA,NA,NA,NA,NA,NA,NA,NA,NA,NA,NA,NA,NA,NA,NA,NA,NA,NA,0.626989506650415,7.31340327522954,NA,NA,NA,NA,NA,NA,NA,NA,NA,NA,NA,NA,NA,NA,NA,NA,NA,NA,NA,NA,NA,NA,NA,NA,NA,NA,NA,NA,NA,NA,NA,NA,NA,NA,NA,NA,NA,NA,NA,NA,NA,NA,NA,NA,NA,NA,NA,NA,"A",134,"cpue_land_A",1987,"BSH","Brown Shrimp","SEAMAP","CPUE","tailmp","none",NA,"GULF","YEAR",4,1,"FALSE",NA,"FALSE","TRUE","global",NA,NA,NA,"sequential",NA,NA,"log",FALSE,FALSE,NA,NA,"Y",0.88,7,"gulf",1
"BSH_C21032","C21032_BSH1987_CPUEtailmp_bshareF_SIZEYEAR_E5_local_ytransnone_sequential_nocov",0.387813807516444,0.827580209505343,0.387813807516444,0.792538800457957,NA,NA,NA,0.0570764057170362,NA,NA,0.141229402157808,NA,NA,NA,NA,NA,NA,NA,NA,NA,NA,NA,NA,NA,NA,NA,NA,NA,NA,NA,NA,NA,NA,0.162791520931182,NA,NA,0.939341054497534,NA,NA,0.994179990905933,41.8117766768633,0.977065578105221,NA,NA,0.308224575599544,NA,NA,0.77329172177745,4.58576594545978,0.554969902142954,NA,NA,NA,NA,NA,NA,0.466921199372661,0.684112278259002,9.01423391529197,0.248364625228343,NA,NA,NA,NA,NA,NA,NA,NA,NA,NA,NA,NA,NA,NA,NA,NA,NA,NA,NA,NA,NA,NA,NA,NA,NA,NA,NA,NA,NA,"Csm",21032,"cpue_land_Csm",1987,"BSH","Brown Shrimp","SEAMAP","CPUE","tailmp","none",NA,"SIZE","YEAR",5,1,"FALSE",NA,"FALSE","TRUE","local",NA,NA,NA,"sequential",NA,NA,"none",FALSE,FALSE,NA,NA,"Y",NA,42,"inner",3
"BSH_C21016","C21016_BSH1987_CPUEtailmp_bshareT_SIZEYEAR_E5_local_ytransnone_sequential_nocov",0.384193982851417,0.826257099958484,0.384193982851417,0.793313865418074,0.0964999016451253,NA,NA,NA,NA,NA,NA,NA,NA,NA,NA,NA,NA,NA,NA,NA,NA,NA,NA,NA,NA,NA,NA,NA,NA,NA,NA,NA,NA,0.162791520931182,NA,NA,0.939341054497534,NA,NA,0.994514519721169,42.0595453451622,0.977791519802872,NA,NA,0.305292711918685,NA,NA,0.77329172177745,4.58576594545978,0.554969902142954,NA,NA,NA,NA,NA,NA,0.462609729857956,0.684112278259002,9.01423391529197,0.248364625228343,NA,NA,NA,NA,NA,NA,NA,NA,NA,NA,NA,NA,NA,NA,NA,NA,NA,NA,NA,NA,NA,NA,NA,NA,NA,NA,NA,NA,NA,"Csm",21016,"cpue_land_Csm",1987,"BSH","Brown Shrimp","SEAMAP","CPUE","tailmp","none",NA,"SIZE","YEAR",5,1,"FALSE",NA,"FALSE","TRUE","local",NA,NA,NA,"sequential",NA,NA,"none",TRUE,FALSE,NA,NA,"Y",0.1,42,"inner",3
"BSH_C10435","C10435_BSH1987_CPUEtailmp_bshareF_SIZEYEAR_E3_local_ytransnone_sequential_nocov",0.370506536655351,0.820344012505571,0.370506536655351,0.793601897222427,NA,NA,NA,0.151145993130237,NA,NA,1.03857799384494,NA,NA,NA,NA,NA,NA,NA,NA,NA,NA,NA,NA,NA,NA,NA,NA,NA,NA,NA,NA,NA,NA,0.144446889286533,NA,NA,1.00210300926299,NA,NA,0.979869888358357,34.0684738409402,0.928377282708825,NA,NA,0.329713998410013,NA,NA,0.783984200828091,4.9013704424952,0.571237543668478,NA,NA,NA,NA,NA,NA,0.41248404819042,0.661914014024198,9.08430258105435,0.253043242750972,NA,NA,NA,NA,NA,NA,NA,NA,NA,NA,NA,NA,NA,NA,NA,NA,NA,NA,NA,NA,NA,NA,NA,NA,NA,NA,NA,NA,NA,"Csm",10435,"cpue_land_Csm",1987,"BSH","Brown Shrimp","SEAMAP","CPUE","tailmp","none",NA,"SIZE","YEAR",3,1,"FALSE",NA,"FALSE","TRUE","local",NA,NA,NA,"sequential",NA,NA,"none",FALSE,FALSE,NA,NA,"Y",NA,34,"inner",3
"BSH_C10218","C10218_BSH1987_CPUEtailmp_bshareT_SIZEYEAR_E4_local_ytransnone_sequential_nocov",0.339291087444586,0.813785237788581,0.339291087444586,0.857255076586692,0.0455871937484887,NA,NA,NA,NA,NA,NA,NA,NA,NA,NA,NA,NA,NA,NA,NA,NA,NA,NA,NA,NA,NA,NA,NA,NA,NA,NA,NA,NA,0.261718031618321,NA,NA,0.993943005339605,NA,NA,0.988921295516168,39.3603752108348,0.962156373203874,NA,NA,0.275235921945496,NA,NA,0.958983176327865,17.3745476768932,0.240283622920361,NA,NA,NA,NA,NA,NA,0.403612479815803,0.658132689749923,8.82045409273931,0.238309591836916,NA,NA,NA,NA,NA,NA,NA,NA,NA,NA,NA,NA,NA,NA,NA,NA,NA,NA,NA,NA,NA,NA,NA,NA,NA,NA,NA,NA,NA,"Csm",10218,"cpue_land_Csm",1987,"BSH","Brown Shrimp","SEAMAP","CPUE","tailmp","none",NA,"SIZE","YEAR",4,1,"FALSE",NA,"FALSE","TRUE","local",NA,NA,NA,"sequential",NA,NA,"none",TRUE,FALSE,NA,NA,"Y",0.05,39,"inner",3
"BSH_G10890","G10890_BSH1987_CPUEtailmp_bshareF_SEAS_SIZEYEAR_E4_local_ytransnone_sequential_nocov",0.388556435510667,0.807759189875468,0.388556435510667,0.936287163527984,NA,NA,NA,NA,NA,NA,NA,NA,NA,NA,NA,NA,NA,NA,NA,NA,NA,NA,NA,NA,NA,0.396746629071043,NA,NA,0.80819030832721,NA,NA,0.843961850501442,2.62618396816946,NA,NA,NA,NA,NA,NA,0.912530819538634,24.7139737433821,0.683532699167087,NA,NA,NA,NA,NA,NA,NA,NA,NA,NA,NA,NA,NA,NA,NA,NA,NA,NA,NA,NA,NA,NA,NA,NA,NA,NA,NA,NA,NA,NA,NA,NA,NA,NA,NA,NA,NA,NA,0.399286131928506,NA,NA,0.517192278930422,NA,NA,0.277262349768137,0.357933533301028,NA,"Gsm",10890,"cpue_land_Gsm",1987,"BSH","Brown Shrimp","SEAMAP","CPUE","tailmp","none",NA,"SEAS_SIZE","YEAR",4,1,"FALSE",NA,"FALSE","TRUE","local",NA,NA,NA,"sequential",NA,NA,"none",FALSE,FALSE,NA,NA,"Y",NA,25,"inner",3
"BSH_C10211","C10211_BSH1987_CPUEtailmp_bshareT_SIZEYEAR_E3_local_ytransnone_sequential_nocov",0.340417793029123,0.8030038972717,0.340417793029123,0.801885317193584,0.195552468666373,NA,NA,NA,NA,NA,NA,NA,NA,NA,NA,NA,NA,NA,NA,NA,NA,NA,NA,NA,NA,NA,NA,NA,NA,NA,NA,NA,NA,0.144446889286533,NA,NA,1.00210300926299,NA,NA,0.955412985403142,26.0437823524463,0.872478896886321,NA,NA,0.331678126160405,NA,NA,0.783984200828091,4.9013704424952,0.571237543668478,NA,NA,NA,NA,NA,NA,0.349411305156629,0.661914014024198,9.08430258105435,0.253043242750972,NA,NA,NA,NA,NA,NA,NA,NA,NA,NA,NA,NA,NA,NA,NA,NA,NA,NA,NA,NA,NA,NA,NA,NA,NA,NA,NA,NA,NA,"Csm",10211,"cpue_land_Csm",1987,"BSH","Brown Shrimp","SEAMAP","CPUE","tailmp","none",NA,"SIZE","YEAR",3,1,"FALSE",NA,"FALSE","TRUE","local",NA,NA,NA,"sequential",NA,NA,"none",TRUE,FALSE,NA,NA,"Y",0.2,26,"inner",3
"BSH_G10442","G10442_BSH1987_CPUEtailmp_bshareT_SEAS_SIZEYEAR_E4_local_ytransnone_sequential_nocov",0.358942200235945,0.799732121241892,0.358942200235945,0.934012877860974,0.401774546028443,NA,NA,NA,NA,NA,NA,NA,NA,NA,NA,NA,NA,NA,NA,NA,NA,NA,NA,NA,NA,NA,NA,NA,NA,NA,NA,NA,NA,NA,NA,NA,NA,NA,NA,0.903082586721375,23.3573720363601,0.654036464771897,NA,NA,NA,NA,NA,NA,NA,NA,NA,NA,NA,NA,NA,NA,NA,NA,NA,NA,NA,NA,NA,NA,NA,NA,NA,NA,NA,NA,NA,NA,NA,NA,NA,NA,NA,NA,NA,NA,0.3897928236763,NA,NA,0.493515371252246,NA,NA,0.248179351974766,0.29742068892102,NA,"Gsm",10442,"cpue_land_Gsm",1987,"BSH","Brown Shrimp","SEAMAP","CPUE","tailmp","none",NA,"SEAS_SIZE","YEAR",4,1,"FALSE",NA,"FALSE","TRUE","local",NA,NA,NA,"sequential",NA,NA,"none",TRUE,FALSE,NA,NA,"Y",0.4,23,"inner",3
"BSH_G21040","G21040_BSH1987_CPUEtailmp_bshareF_SEAS_SIZEYEAR_E5_local_ytranslog_sequential_nocov",0.346890839095991,0.786373181736573,0.346890839095991,0.958865216872933,NA,NA,NA,NA,NA,NA,NA,NA,NA,NA,NA,NA,NA,NA,NA,NA,NA,NA,NA,NA,NA,0.401772354360097,NA,NA,0.808187009081298,NA,NA,1.72840202432962,4.16241206556245,NA,NA,NA,NA,NA,NA,0.888105711346135,18.1840477050428,0.628249483591854,NA,NA,NA,NA,NA,NA,NA,NA,NA,NA,NA,NA,NA,NA,NA,NA,NA,NA,NA,NA,NA,NA,NA,NA,NA,NA,NA,NA,NA,NA,NA,NA,NA,NA,NA,NA,NA,NA,0.364026228027122,NA,NA,0.495819183262142,NA,NA,0.220003291260127,0.304418474790745,NA,"Gsm",21040,"cpue_land_Gsm",1987,"BSH","Brown Shrimp","SEAMAP","CPUE","tailmp","none",NA,"SEAS_SIZE","YEAR",5,1,"FALSE",NA,"FALSE","TRUE","local",NA,NA,NA,"sequential",NA,NA,"log",FALSE,FALSE,NA,NA,"Y",NA,18,"inner",3
"BSH_C10267","C10267_BSH1987_CPUEtailmp_bshareF_SIZEYEAR_E3_local_ytranslog_sequential_nocov",0.332722973107369,0.784794508027971,0.332722973107369,0.679300007739323,NA,NA,NA,0.3623947396201,NA,NA,1.0387094934406,NA,NA,NA,NA,NA,NA,NA,NA,NA,NA,NA,NA,NA,NA,NA,NA,NA,NA,NA,NA,NA,NA,0.362334051581693,NA,NA,1.03852980044331,NA,NA,0.893884375875034,15.2409209437306,0.686096277612307,NA,NA,0.385692400623657,NA,NA,0.758320222034989,4.57945296940213,0.551707933928942,NA,NA,NA,NA,NA,NA,0.278214759836175,0.631663401445919,8.83770737068195,0.218101217222857,NA,NA,NA,NA,NA,NA,NA,NA,NA,NA,NA,NA,NA,NA,NA,NA,NA,NA,NA,NA,NA,NA,NA,NA,NA,NA,NA,NA,NA,"Csm",10267,"cpue_land_Csm",1987,"BSH","Brown Shrimp","SEAMAP","CPUE","tailmp","none",NA,"SIZE","YEAR",3,1,"FALSE",NA,"FALSE","TRUE","local",NA,NA,NA,"sequential",NA,NA,"log",FALSE,FALSE,NA,NA,"Y",NA,15,"inner",3
"BSH_G10876","G10876_BSH1987_CPUEtailmp_bshareF_SEAS_SIZEYEAR_E3_local_ytransnone_sequential_nocov",0.34168252767372,0.782946800437777,0.34168252767372,0.949708037267243,NA,NA,NA,NA,NA,NA,NA,NA,NA,NA,NA,NA,NA,NA,NA,NA,NA,NA,NA,NA,NA,0.382011115266438,NA,NA,0.0298470058797356,NA,NA,1.8700954846598,2.1606334037534,NA,NA,NA,NA,NA,NA,0.857874408697477,17.8413030954615,0.589063270708346,NA,NA,NA,NA,NA,NA,NA,NA,NA,NA,NA,NA,NA,NA,NA,NA,NA,NA,NA,NA,NA,NA,NA,NA,NA,NA,NA,NA,NA,NA,NA,NA,NA,NA,NA,NA,NA,NA,0.43794602008894,NA,NA,0.443584447899629,NA,NA,0.163590891322008,0.316332121270275,NA,"Gsm",10876,"cpue_land_Gsm",1987,"BSH","Brown Shrimp","SEAMAP","CPUE","tailmp","none",NA,"SEAS_SIZE","YEAR",3,1,"FALSE",NA,"FALSE","TRUE","local",NA,NA,NA,"sequential",NA,NA,"none",FALSE,FALSE,NA,NA,"Y",NA,18,"inner",3
"BSH_G21016","G21016_BSH1987_CPUEtailmp_bshareT_SEAS_SIZEYEAR_E5_local_ytransgr1_sequential_nocov",0.336026314873079,0.729287768397846,0.336026314873079,0.955744511753659,0.333821243632479,NA,NA,NA,NA,NA,NA,NA,NA,NA,NA,NA,NA,NA,NA,NA,NA,NA,NA,NA,NA,NA,NA,NA,NA,NA,NA,NA,NA,NA,NA,NA,NA,NA,NA,0.861303795473992,14.8919831039386,0.577473767013548,NA,NA,NA,NA,NA,NA,NA,NA,NA,NA,NA,NA,NA,NA,NA,NA,NA,NA,NA,NA,NA,NA,NA,NA,NA,NA,NA,NA,NA,NA,NA,NA,NA,NA,NA,NA,NA,NA,0.48293866673316,NA,NA,0.682959131603048,NA,NA,0,0.177311365074561,NA,"Gsm",21016,"cpue_land_Gsm",1987,"BSH","Brown Shrimp","SEAMAP","CPUE","tailmp","none",NA,"SEAS_SIZE","YEAR",5,1,"FALSE",NA,"FALSE","TRUE","local",NA,NA,NA,"sequential",NA,NA,"gr1",TRUE,FALSE,NA,NA,"Y",0.33,15,"inner",3
"BSH_G10554","G10554_BSH1987_CPUEtailmp_bshareF_SEAS_SIZEYEAR_E4_local_ytranslog_sequential_nocov",0.331607561524218,0.791373905048086,0.331607561524218,0.959604541281317,NA,NA,NA,NA,NA,NA,NA,NA,NA,NA,NA,NA,NA,NA,NA,NA,NA,NA,NA,NA,NA,0.401841960568252,NA,NA,0.808190472934796,NA,NA,1.29098788876428,2.57819310020415,NA,NA,NA,NA,NA,NA,0.896412785127291,20.4748527920923,0.631534788814568,NA,NA,NA,NA,NA,NA,NA,NA,NA,NA,NA,NA,NA,NA,NA,NA,NA,NA,NA,NA,NA,NA,NA,NA,NA,NA,NA,NA,NA,NA,NA,NA,NA,NA,NA,NA,NA,NA,0.333603532342548,NA,NA,0.437344733478158,NA,NA,0.215822496937289,0.342341234117587,NA,"Gsm",10554,"cpue_land_Gsm",1987,"BSH","Brown Shrimp","SEAMAP","CPUE","tailmp","none",NA,"SEAS_SIZE","YEAR",4,1,"FALSE",NA,"FALSE","TRUE","local",NA,NA,NA,"sequential",NA,NA,"log",FALSE,FALSE,NA,NA,"Y",NA,20,"R2_out",1
"BSH_G10106","G10106_BSH1987_CPUEtailmp_bshareT_SEAS_SIZEYEAR_E4_local_ytranslog_sequential_nocov",0.29989263337931,0.784934432295766,0.29989263337931,0.948294231365138,0.401774546028443,NA,NA,NA,NA,NA,NA,NA,NA,NA,NA,NA,NA,NA,NA,NA,NA,NA,NA,NA,NA,NA,NA,NA,NA,NA,NA,NA,NA,NA,NA,NA,NA,NA,NA,0.892012583768951,20.5547372962215,0.610933393065615,NA,NA,NA,NA,NA,NA,NA,NA,NA,NA,NA,NA,NA,NA,NA,NA,NA,NA,NA,NA,NA,NA,NA,NA,NA,NA,NA,NA,NA,NA,NA,NA,NA,NA,NA,NA,NA,NA,0.33002621709489,NA,NA,0.418066311247228,NA,NA,0.194153676112291,0.251787742873092,NA,"Gsm",10106,"cpue_land_Gsm",1987,"BSH","Brown Shrimp","SEAMAP","CPUE","tailmp","none",NA,"SEAS_SIZE","YEAR",4,1,"FALSE",NA,"FALSE","TRUE","local",NA,NA,NA,"sequential",NA,NA,"log",TRUE,FALSE,NA,NA,"Y",0.4,21,"R2_out",1
"BSH_G21008","G21008_BSH1987_CPUEtailmp_bshareT_SEAS_SIZEYEAR_E5_local_ytranslog_sequential_nocov",0.317764792968149,0.78168645441195,0.317764792968149,0.949158354819304,0.401774546028443,NA,NA,NA,NA,NA,NA,NA,NA,NA,NA,NA,NA,NA,NA,NA,NA,NA,NA,NA,NA,NA,NA,NA,NA,NA,NA,NA,NA,NA,NA,NA,NA,NA,NA,0.886073718517083,18.2016729251537,0.603564554323727,NA,NA,NA,NA,NA,NA,NA,NA,NA,NA,NA,NA,NA,NA,NA,NA,NA,NA,NA,NA,NA,NA,NA,NA,NA,NA,NA,NA,NA,NA,NA,NA,NA,NA,NA,NA,NA,NA,0.370744422467002,NA,NA,0.477740650143253,NA,NA,0.206174184450258,0.202844486906471,NA,"Gsm",21008,"cpue_land_Gsm",1987,"BSH","Brown Shrimp","SEAMAP","CPUE","tailmp","none",NA,"SEAS_SIZE","YEAR",5,1,"FALSE",NA,"FALSE","TRUE","local",NA,NA,NA,"sequential",NA,NA,"log",TRUE,FALSE,NA,NA,"Y",0.4,18,"R2_out",1
"BSH_C10274","C10274_BSH1987_CPUEtailmp_bshareF_SIZEYEAR_E4_local_ytranslog_sequential_nocov",0.238210196964518,0.780789980004181,0.238210196964518,0.844195422265316,NA,NA,NA,0.0728855220745397,NA,NA,0.447824328536908,NA,NA,NA,NA,NA,NA,NA,NA,NA,NA,NA,NA,NA,NA,NA,NA,NA,NA,NA,NA,NA,NA,0.362334051581693,NA,NA,1.03866432938923,NA,NA,0.958283301873411,27.2710391491584,0.882130007968848,NA,NA,0.181968446168017,NA,NA,0.749894684458061,4.46765659824845,0.543078175457391,NA,NA,NA,NA,NA,NA,0.29465755192707,0.625299712438631,8.51881763047492,0.201584157629084,NA,NA,NA,NA,NA,NA,NA,NA,NA,NA,NA,NA,NA,NA,NA,NA,NA,NA,NA,NA,NA,NA,NA,NA,NA,NA,NA,NA,NA,"Csm",10274,"cpue_land_Csm",1987,"BSH","Brown Shrimp","SEAMAP","CPUE","tailmp","none",NA,"SIZE","YEAR",4,1,"FALSE",NA,"FALSE","TRUE","local",NA,NA,NA,"sequential",NA,NA,"log",FALSE,FALSE,NA,NA,"Y",NA,27,"R2_out",1
"BSH_C21004","C21004_BSH1987_CPUEtailmp_bshareT_SIZEYEAR_E5_local_ytranslog_sequential_nocov",0.24486263446683,0.775928082400874,0.24486263446683,0.844852775310015,0.362334051581693,NA,NA,NA,NA,NA,NA,NA,NA,NA,NA,NA,NA,NA,NA,NA,NA,NA,NA,NA,NA,NA,NA,NA,NA,NA,NA,NA,NA,0.362334051581693,NA,NA,7.04137083083409e-05,NA,NA,0.954509588614874,27.0539562659498,0.874121146321313,NA,NA,0.190155806946436,NA,NA,0.75382592440231,4.49149020470513,0.53457782513808,NA,NA,NA,NA,NA,NA,0.298943788805761,0.491511594860363,6.20996450242086,0.124249938009113,NA,NA,NA,NA,NA,NA,NA,NA,NA,NA,NA,NA,NA,NA,NA,NA,NA,NA,NA,NA,NA,NA,NA,NA,NA,NA,NA,NA,NA,"Csm",21004,"cpue_land_Csm",1987,"BSH","Brown Shrimp","SEAMAP","CPUE","tailmp","none",NA,"SIZE","YEAR",5,1,"FALSE",NA,"FALSE","TRUE","local",NA,NA,NA,"sequential",NA,NA,"log",TRUE,FALSE,NA,NA,"Y",0.36,27,"R2_out",1
"BSH_G21032","G21032_BSH1987_CPUEtailmp_bshareT_SEAS_SIZEYEAR_E5_local_ytransnone_sequential_nocov",0.19411687476062,0.775135751687864,0.19411687476062,0.86952348492602,0.401772259544409,NA,NA,NA,NA,NA,NA,NA,NA,NA,NA,NA,NA,NA,NA,NA,NA,NA,NA,NA,NA,NA,NA,NA,NA,NA,NA,NA,NA,NA,NA,NA,NA,NA,NA,0.999855281835005,110.949873090881,0.998467791831583,NA,NA,NA,NA,NA,NA,NA,NA,NA,NA,NA,NA,NA,NA,NA,NA,NA,NA,NA,NA,NA,NA,NA,NA,NA,NA,NA,NA,NA,NA,NA,NA,NA,NA,NA,NA,NA,NA,0.21787706018943,NA,NA,0.308596515235376,NA,NA,0.198039958888324,0.0276674206214834,NA,"Gsm",21032,"cpue_land_Gsm",1987,"BSH","Brown Shrimp","SEAMAP","CPUE","tailmp","none",NA,"SEAS_SIZE","YEAR",5,1,"FALSE",NA,"FALSE","TRUE","local",NA,NA,NA,"sequential",NA,NA,"none",TRUE,FALSE,NA,NA,"Y",0.4,111,"R2_out",1
"BSH_G21064","G21064_BSH1987_CPUEtailmp_bshareF_SEAS_SIZEYEAR_E5_local_ytransnone_sequential_nocov",0.290395607358601,0.77055088719978,0.290395607358601,0.866748312440597,NA,NA,NA,NA,NA,NA,NA,NA,NA,NA,NA,NA,NA,NA,NA,NA,NA,NA,NA,NA,NA,0.00223650157407391,NA,NA,0.748204543063688,NA,NA,1.86881581167279,3.63538626752273,NA,NA,NA,NA,NA,NA,0.999688179175433,107.451945735496,0.997674261453311,NA,NA,NA,NA,NA,NA,NA,NA,NA,NA,NA,NA,NA,NA,NA,NA,NA,NA,NA,NA,NA,NA,NA,NA,NA,NA,NA,NA,NA,NA,NA,NA,NA,NA,NA,NA,NA,NA,0.343788045259775,NA,NA,0.407114901519649,NA,NA,0.163767771921742,0.241094661034199,NA,"Gsm",21064,"cpue_land_Gsm",1987,"BSH","Brown Shrimp","SEAMAP","CPUE","tailmp","none",NA,"SEAS_SIZE","YEAR",5,1,"FALSE",NA,"FALSE","TRUE","local",NA,NA,NA,"sequential",NA,NA,"none",FALSE,FALSE,NA,NA,"Y",NA,107,"R2_out",1
"BSH_G10428","G10428_BSH1987_CPUEtailmp_bshareT_SEAS_SIZEYEAR_E3_local_ytransnone_sequential_nocov",0.302008342790112,0.767921162775164,0.302008342790112,0.94565364006047,0.401774546028443,NA,NA,NA,NA,NA,NA,NA,NA,NA,NA,NA,NA,NA,NA,NA,NA,NA,NA,NA,NA,NA,NA,NA,NA,NA,NA,NA,NA,NA,NA,NA,NA,NA,NA,0.831368770686483,16.4908525576194,0.550001505449156,NA,NA,NA,NA,NA,NA,NA,NA,NA,NA,NA,NA,NA,NA,NA,NA,NA,NA,NA,NA,NA,NA,NA,NA,NA,NA,NA,NA,NA,NA,NA,NA,NA,NA,NA,NA,NA,NA,0.432471549524094,NA,NA,0.430217854824894,NA,NA,0.105547574831365,0.227764551635296,NA,"Gsm",10428,"cpue_land_Gsm",1987,"BSH","Brown Shrimp","SEAMAP","CPUE","tailmp","none",NA,"SEAS_SIZE","YEAR",3,1,"FALSE",NA,"FALSE","TRUE","local",NA,NA,NA,"sequential",NA,NA,"none",TRUE,FALSE,NA,NA,"Y",0.4,16,"R2_out",1
"BSH_D10442","D10442_BSH1987_CPUEtailmp_bshareF_SIZE_AREAYEAR_E4_local_ytransnone_sequential_nocov",0.285669429856074,0.757641545516777,0.285669429856074,0.93026381359224,NA,NA,NA,NA,NA,NA,NA,0.722732455923789,NA,NA,0.542991906089882,NA,NA,0.0877368309425047,3.91107795454502,NA,NA,NA,NA,NA,NA,NA,NA,NA,NA,NA,NA,NA,NA,NA,NA,NA,NA,NA,NA,0.814864712336258,11.3777652163757,0.501530692286972,NA,NA,NA,NA,NA,NA,NA,NA,NA,NA,NA,NA,NA,NA,NA,NA,NA,NA,0.563810890021481,NA,NA,0.248684765182654,NA,NA,0.264720699986597,0.0628976910906399,NA,NA,NA,NA,NA,NA,NA,NA,NA,NA,NA,NA,NA,NA,NA,NA,NA,NA,NA,NA,NA,"Dsm",10442,"cpue_land_Dsm",1987,"BSH","Brown Shrimp","SEAMAP","CPUE","tailmp","none",NA,"SIZE_AREA","YEAR",4,1,"FALSE",NA,"FALSE","TRUE","local",NA,NA,NA,"sequential",NA,NA,"none",FALSE,FALSE,NA,NA,"Y",NA,11,"R2_out",1
"BSH_C10043","C10043_BSH1987_CPUEtailmp_bshareT_SIZEYEAR_E3_local_ytranslog_sequential_nocov",0.203602320621474,0.75753178727927,0.203602320621474,0.7152553173707,0.362315988458472,NA,NA,NA,NA,NA,NA,NA,NA,NA,NA,NA,NA,NA,NA,NA,NA,NA,NA,NA,NA,NA,NA,NA,NA,NA,NA,NA,NA,0.362334051581693,NA,NA,1.03852980044331,NA,NA,0.933865595315107,22.0306537471196,0.811274015725303,NA,NA,0.210957374299256,NA,NA,0.758320222034989,4.57945296940213,0.551707933928942,NA,NA,NA,NA,NA,NA,0.196033557254087,0.631663401445919,8.83770737068195,0.218101217222857,NA,NA,NA,NA,NA,NA,NA,NA,NA,NA,NA,NA,NA,NA,NA,NA,NA,NA,NA,NA,NA,NA,NA,NA,NA,NA,NA,NA,NA,"Csm",10043,"cpue_land_Csm",1987,"BSH","Brown Shrimp","SEAMAP","CPUE","tailmp","none",NA,"SIZE","YEAR",3,1,"FALSE",NA,"FALSE","TRUE","local",NA,NA,NA,"sequential",NA,NA,"log",TRUE,FALSE,NA,NA,"Y",0.36,22,"R2_out",1
"BSH_G10540","G10540_BSH1987_CPUEtailmp_bshareF_SEAS_SIZEYEAR_E3_local_ytranslog_sequential_nocov",0.278356711334133,0.75231884013346,0.278356711334133,0.930512912747515,NA,NA,NA,NA,NA,NA,NA,NA,NA,NA,NA,NA,NA,NA,NA,NA,NA,NA,NA,NA,NA,0.401835520542584,NA,NA,0.226266483559863,NA,NA,1.87009901988751,2.86139887686659,NA,NA,NA,NA,NA,NA,0.829747829163668,13.2292298090558,0.50354323537248,NA,NA,NA,NA,NA,NA,NA,NA,NA,NA,NA,NA,NA,NA,NA,NA,NA,NA,NA,NA,NA,NA,NA,NA,NA,NA,NA,NA,NA,NA,NA,NA,NA,NA,NA,NA,NA,NA,0.294998349899759,NA,NA,0.398432823444416,NA,NA,0.0386683365114097,0.395394051582592,NA,"Gsm",10540,"cpue_land_Gsm",1987,"BSH","Brown Shrimp","SEAMAP","CPUE","tailmp","none",NA,"SEAS_SIZE","YEAR",3,1,"FALSE",NA,"FALSE","TRUE","local",NA,NA,NA,"sequential",NA,NA,"log",FALSE,FALSE,NA,NA,"Y",NA,13,"R2_out",1
"BSH_D10435","D10435_BSH1987_CPUEtailmp_bshareF_SIZE_AREAYEAR_E3_local_ytransnone_sequential_nocov",0.297020152570923,0.748115300084187,0.297020152570923,0.708018139127363,NA,NA,NA,NA,NA,NA,NA,0.00240703387893208,NA,NA,0.00397142704750675,NA,NA,0.570645903349035,2.97460785935165,NA,NA,NA,NA,NA,NA,NA,NA,NA,NA,NA,NA,NA,NA,NA,NA,NA,NA,NA,NA,0.811944464785558,14.4446419952105,0.528383643454702,NA,NA,NA,NA,NA,NA,NA,NA,NA,NA,NA,NA,NA,NA,NA,NA,NA,NA,0.574673184975843,NA,NA,0.347004299517417,NA,NA,0.31928612202795,0,NA,NA,NA,NA,NA,NA,NA,NA,NA,NA,NA,NA,NA,NA,NA,NA,NA,NA,NA,NA,NA,"Dsm",10435,"cpue_land_Dsm",1987,"BSH","Brown Shrimp","SEAMAP","CPUE","tailmp","none",NA,"SIZE_AREA","YEAR",3,1,"FALSE",NA,"FALSE","TRUE","local",NA,NA,NA,"sequential",NA,NA,"none",FALSE,FALSE,NA,NA,"Y",NA,14,"R2_out",1
"BSH_D10211","D10211_BSH1987_CPUEtailmp_bshareT_SIZE_AREAYEAR_E3_local_ytransnone_sequential_nocov",0.282163560487503,0.744491576040883,0.282163560487503,0.613329764615971,0.572359865405442,NA,NA,NA,NA,NA,NA,NA,NA,NA,NA,NA,NA,NA,NA,NA,NA,NA,NA,NA,NA,NA,NA,NA,NA,NA,NA,NA,NA,NA,NA,NA,NA,NA,NA,0.837528525994005,20.3637267812416,0.581928658364981,NA,NA,NA,NA,NA,NA,NA,NA,NA,NA,NA,NA,NA,NA,NA,NA,NA,NA,0.55346464195026,NA,NA,0.316540014978552,NA,NA,0.337873312879335,0,NA,NA,NA,NA,NA,NA,NA,NA,NA,NA,NA,NA,NA,NA,NA,NA,NA,NA,NA,NA,NA,"Dsm",10211,"cpue_land_Dsm",1987,"BSH","Brown Shrimp","SEAMAP","CPUE","tailmp","none",NA,"SIZE_AREA","YEAR",3,1,"FALSE",NA,"FALSE","TRUE","local",NA,NA,NA,"sequential",NA,NA,"none",TRUE,FALSE,NA,NA,"Y",0.57,20,"R2_out",1
"BSH_C21020","C21020_BSH1987_CPUEtailmp_bshareF_SIZEYEAR_E5_local_ytranslog_sequential_nocov",0.300888530961909,0.743190320445786,0.300888530961909,0.872260245274406,NA,NA,NA,0.362394528820587,NA,NA,0.664832232975089,NA,NA,NA,NA,NA,NA,NA,NA,NA,NA,NA,NA,NA,NA,NA,NA,NA,NA,NA,NA,NA,NA,0.362334051581693,NA,NA,7.04137083083409e-05,NA,NA,0.836006915122728,9.49262593068672,0.588702885076799,NA,NA,0.43861187326446,NA,NA,0.75382592440231,4.49149020470513,0.53457782513808,NA,NA,NA,NA,NA,NA,0.162450210860916,0.491511594860363,6.20996450242086,0.124249938009113,NA,NA,NA,NA,NA,NA,NA,NA,NA,NA,NA,NA,NA,NA,NA,NA,NA,NA,NA,NA,NA,NA,NA,NA,NA,NA,NA,NA,NA,"Csm",21020,"cpue_land_Csm",1987,"BSH","Brown Shrimp","SEAMAP","CPUE","tailmp","none",NA,"SIZE","YEAR",5,1,"FALSE",NA,"FALSE","TRUE","local",NA,NA,NA,"sequential",NA,NA,"log",FALSE,FALSE,NA,NA,"Y",NA,9,"R2_out",1
"BSH_D10218","D10218_BSH1987_CPUEtailmp_bshareT_SIZE_AREAYEAR_E4_local_ytransnone_sequential_nocov",0.28205589689873,0.740269012154905,0.28205589689873,0.636899461261947,0.557742123608533,NA,NA,NA,NA,NA,NA,NA,NA,NA,NA,NA,NA,NA,NA,NA,NA,NA,NA,NA,NA,NA,NA,NA,NA,NA,NA,NA,NA,NA,NA,NA,NA,NA,NA,0.83094982674062,19.8650140672076,0.572639839546407,NA,NA,NA,NA,NA,NA,NA,NA,NA,NA,NA,NA,NA,NA,NA,NA,NA,NA,0.54288572941932,NA,NA,0.32261622845997,NA,NA,0.327669943115916,0,NA,NA,NA,NA,NA,NA,NA,NA,NA,NA,NA,NA,NA,NA,NA,NA,NA,NA,NA,NA,NA,"Dsm",10218,"cpue_land_Dsm",1987,"BSH","Brown Shrimp","SEAMAP","CPUE","tailmp","none",NA,"SIZE_AREA","YEAR",4,1,"FALSE",NA,"FALSE","TRUE","local",NA,NA,NA,"sequential",NA,NA,"none",TRUE,FALSE,NA,NA,"Y",0.56,20,"R2_out",1
"BSH_G21024","G21024_BSH1987_CPUEtailmp_bshareT_SEAS_SIZEYEAR_E5_local_ytransgr2_sequential_nocov",0.270420136934643,0.740173334998845,0.270420136934643,0.950223883888319,0.401774546028443,NA,NA,NA,NA,NA,NA,NA,NA,NA,NA,NA,NA,NA,NA,NA,NA,NA,NA,NA,NA,NA,NA,NA,NA,NA,NA,NA,NA,NA,NA,NA,NA,NA,NA,0.874270092790332,17.943206635134,0.539001653609842,NA,NA,NA,NA,NA,NA,NA,NA,NA,NA,NA,NA,NA,NA,NA,NA,NA,NA,NA,NA,NA,NA,NA,NA,NA,NA,NA,NA,NA,NA,NA,NA,NA,NA,NA,NA,NA,NA,0.176542410992666,NA,NA,0.653009301018972,NA,NA,0.040869087223057,0.212849780076701,NA,"Gsm",21024,"cpue_land_Gsm",1987,"BSH","Brown Shrimp","SEAMAP","CPUE","tailmp","none",NA,"SEAS_SIZE","YEAR",5,1,"FALSE",NA,"FALSE","TRUE","local",NA,NA,NA,"sequential",NA,NA,"gr2",TRUE,FALSE,NA,NA,"Y",0.4,18,"R2_out",1
"BSH_C10050","C10050_BSH1987_CPUEtailmp_bshareT_SIZEYEAR_E4_local_ytranslog_sequential_nocov",0.270165641545903,0.738336126699232,0.270165641545903,0.847137920934987,0.166228693068563,NA,NA,NA,NA,NA,NA,NA,NA,NA,NA,NA,NA,NA,NA,NA,NA,NA,NA,NA,NA,NA,NA,NA,NA,NA,NA,NA,NA,0.362334051581693,NA,NA,1.03866432938923,NA,NA,0.849327211222298,10.4493194247438,0.601647221340829,NA,NA,0.41814654553515,NA,NA,0.749894684458061,4.46765659824845,0.543078175457391,NA,NA,NA,NA,NA,NA,0.121220120730425,0.625299712438631,8.51881763047492,0.201584157629084,NA,NA,NA,NA,NA,NA,NA,NA,NA,NA,NA,NA,NA,NA,NA,NA,NA,NA,NA,NA,NA,NA,NA,NA,NA,NA,NA,NA,NA,"Csm",10050,"cpue_land_Csm",1987,"BSH","Brown Shrimp","SEAMAP","CPUE","tailmp","none",NA,"SIZE","YEAR",4,1,"FALSE",NA,"FALSE","TRUE","local",NA,NA,NA,"sequential",NA,NA,"log",TRUE,FALSE,NA,NA,"Y",0.17,10,"R2_out",1
"BSH_C21012","C21012_BSH1987_CPUEtailmp_bshareT_SIZEYEAR_E5_local_ytransgr2_sequential_nocov",0,0.735638931899691,0,0.522633176260414,0.362334051581693,NA,NA,NA,NA,NA,NA,NA,NA,NA,NA,NA,NA,NA,NA,NA,NA,NA,NA,NA,NA,NA,NA,NA,NA,NA,NA,NA,NA,0.362334051581693,NA,NA,1.03863917195721,NA,NA,0.982330978045921,34.7588028954182,0.944281297607543,NA,NA,0,NA,NA,0.712584090400955,2.45139670962217,0.599364968179257,NA,NA,NA,NA,NA,NA,0.24353459912383,0.320773809460173,4.4732548472174,0,NA,NA,NA,NA,NA,NA,NA,NA,NA,NA,NA,NA,NA,NA,NA,NA,NA,NA,NA,NA,NA,NA,NA,NA,NA,NA,NA,NA,NA,"Csm",21012,"cpue_land_Csm",1987,"BSH","Brown Shrimp","SEAMAP","CPUE","tailmp","none",NA,"SIZE","YEAR",5,1,"FALSE",NA,"FALSE","TRUE","local",NA,NA,NA,"sequential",NA,NA,"gr2",TRUE,FALSE,NA,NA,"Y",0.36,35,"R2_out",1
"BSH_G10092","G10092_BSH1987_CPUEtailmp_bshareT_SEAS_SIZEYEAR_E3_local_ytranslog_sequential_nocov",0.123065753335597,0.731700401712649,0.123065753335597,0.771371111693369,0.401774546028443,NA,NA,NA,NA,NA,NA,NA,NA,NA,NA,NA,NA,NA,NA,NA,NA,NA,NA,NA,NA,NA,NA,NA,NA,NA,NA,NA,NA,NA,NA,NA,NA,NA,NA,0.863143526661719,27.2882470122834,0.600341446238516,NA,NA,NA,NA,NA,NA,NA,NA,NA,NA,NA,NA,NA,NA,NA,NA,NA,NA,NA,NA,NA,NA,NA,NA,NA,NA,NA,NA,NA,NA,NA,NA,NA,NA,NA,NA,NA,NA,0.0879985688951825,NA,NA,0.246409283621073,NA,NA,0,0.192126819900408,NA,"Gsm",10092,"cpue_land_Gsm",1987,"BSH","Brown Shrimp","SEAMAP","CPUE","tailmp","none",NA,"SEAS_SIZE","YEAR",3,1,"FALSE",NA,"FALSE","TRUE","local",NA,NA,NA,"sequential",NA,NA,"log",TRUE,FALSE,NA,NA,"Y",0.4,27,"R2_out",1
"BSH_G21023","G21023_BSH1987_CPUEtailmp_bshareT_SIZEYEAR2_E5_local_ytransgr2_sequential_nocov",0.510982047867365,0.627839406682091,0.510982047867365,0.667745579222089,0.401774546028443,NA,NA,NA,NA,NA,NA,NA,NA,NA,NA,NA,NA,NA,NA,NA,NA,NA,NA,NA,NA,NA,NA,NA,NA,NA,NA,NA,NA,0.401774546028443,NA,NA,7.64055055760524e-05,NA,NA,0.824787659305997,27.3683335644201,0.78643426513515,NA,NA,0.624669644936333,NA,NA,0.807461428374606,9.17335324336032,0.609511742690089,NA,NA,NA,NA,NA,NA,0.398086124750114,0.779283421131129,13.9777655810496,0.494979928329037,NA,NA,NA,NA,NA,NA,NA,NA,NA,NA,NA,NA,NA,NA,NA,NA,NA,NA,NA,NA,NA,NA,NA,NA,NA,NA,NA,NA,NA,"Gsm",21023,"cpue_land_Gsm",1987,"BSH","Brown Shrimp","SEAMAP","CPUE","tailmp","none",NA,"SIZE","YEAR2",5,1,"FALSE",NA,"FALSE","TRUE","local",NA,NA,NA,"sequential",NA,NA,"gr2",TRUE,FALSE,NA,NA,"Y",0.4,27,"R2scaled_out",1
"BSH_G10435","G10435_BSH1987_CPUEtailmp_bshareT_SIZEYEAR2_E4_local_ytransnone_sequential_nocov",0.503467517556069,0.713551137829067,0.503467517556069,0.506178453402812,0.301090536117702,NA,NA,NA,NA,NA,NA,NA,NA,NA,NA,NA,NA,NA,NA,NA,NA,NA,NA,NA,NA,NA,NA,NA,NA,NA,NA,NA,NA,6.95472664124991e-05,NA,NA,0.441517395039563,NA,NA,0.917727535858754,40.383383835424,0.868543335714018,NA,NA,0.46779711701321,NA,NA,0.896130497243747,18.152948635197,0.590482335326193,NA,NA,NA,NA,NA,NA,0.538077820154301,0.876841322678119,20.0964353475287,0.522526900547818,NA,NA,NA,NA,NA,NA,NA,NA,NA,NA,NA,NA,NA,NA,NA,NA,NA,NA,NA,NA,NA,NA,NA,NA,NA,NA,NA,NA,NA,"Gsm",10435,"cpue_land_Gsm",1987,"BSH","Brown Shrimp","SEAMAP","CPUE","tailmp","none",NA,"SIZE","YEAR2",4,1,"FALSE",NA,"FALSE","TRUE","local",NA,NA,NA,"sequential",NA,NA,"none",TRUE,FALSE,NA,NA,"Y",0.3,40,"R2scaled_out",1
"BSH_G21031","G21031_BSH1987_CPUEtailmp_bshareT_SIZEYEAR2_E5_local_ytransnone_sequential_nocov",0.497477026298108,0.705583528216813,0.497477026298108,0.488836271135722,0.325757436376208,NA,NA,NA,NA,NA,NA,NA,NA,NA,NA,NA,NA,NA,NA,NA,NA,NA,NA,NA,NA,NA,NA,NA,NA,NA,NA,NA,NA,0.000253916839615982,NA,NA,0.527820858056969,NA,NA,0.917195987921043,40.4893204859209,0.870905948768981,NA,NA,0.463464686370175,NA,NA,0.895301036806942,17.8819547439917,0.590595353569455,NA,NA,NA,NA,NA,NA,0.53025922040755,0.886703056509464,21.793467924204,0.529261776105392,NA,NA,NA,NA,NA,NA,NA,NA,NA,NA,NA,NA,NA,NA,NA,NA,NA,NA,NA,NA,NA,NA,NA,NA,NA,NA,NA,NA,NA,"Gsm",21031,"cpue_land_Gsm",1987,"BSH","Brown Shrimp","SEAMAP","CPUE","tailmp","none",NA,"SIZE","YEAR2",5,1,"FALSE",NA,"FALSE","TRUE","local",NA,NA,NA,"sequential",NA,NA,"none",TRUE,FALSE,NA,NA,"Y",0.33,40,"R2scaled_out",1
"BSH_F421","F421_BSH1987_CPUEtailmp_bshareT_AREA_ASSESSYEAR2_E3_local_ytransnone_sequential_nocov",0.481414626208214,0.598575478945158,0.481414626208214,0.69069871786036,0.222951078090642,NA,NA,NA,NA,NA,NA,NA,NA,NA,NA,NA,NA,NA,NA,NA,NA,NA,NA,NA,NA,NA,NA,NA,NA,NA,NA,NA,NA,NA,NA,NA,NA,NA,NA,0.73469420361148,16.1785695179733,0.64907496986639,0.431200582822838,0.530834065522844,NA,NA,NA,NA,NA,NA,NA,NA,NA,NA,NA,NA,NA,NA,NA,NA,NA,NA,NA,NA,NA,NA,NA,NA,NA,NA,NA,NA,NA,NA,NA,NA,NA,NA,NA,NA,NA,NA,NA,NA,NA,NA,NA,NA,NA,"F",421,"cpue_land_F",1987,"BSH","Brown Shrimp","SEAMAP","CPUE","tailmp","none",NA,"AREA_ASSESS","YEAR2",3,1,"FALSE",NA,"FALSE","TRUE","local",NA,NA,NA,"sequential",NA,NA,"none",TRUE,FALSE,NA,NA,"Y",0.22,16,"R2scaled_out",1
"BSH_E20064","E20064_BSH1987_CPUEtailmp_bshareF_SEASONYEAR_E5_local_ytransnone_sequential_nocov",0.478594164024341,0.65699103496924,0.478594164024341,0.913049216845779,NA,NA,NA,NA,NA,NA,NA,NA,NA,NA,NA,NA,NA,NA,NA,1.67646740295518,2.13713611495888,NA,NA,NA,NA,NA,NA,NA,NA,NA,NA,NA,NA,NA,NA,NA,NA,1.67637979584441,2.13705572777927,0.892827508119525,20.5431186342249,0.829932993115431,NA,NA,NA,NA,NA,NA,NA,NA,NA,NA,NA,NA,NA,NA,NA,NA,NA,NA,NA,NA,NA,NA,NA,NA,NA,NA,0.305509609237299,0.675780669782726,0.684093149794007,9.30743244541753,0.256615796989835,0.866663726922803,10.5991363036006,0.557374134784522,NA,NA,NA,NA,NA,NA,NA,NA,NA,NA,NA,NA,NA,"E",20064,"cpue_land_E",1987,"BSH","Brown Shrimp","SEAMAP","CPUE","tailmp","none",NA,"SEASON","YEAR",5,1,"FALSE",NA,"FALSE","TRUE","local",NA,NA,NA,"sequential",NA,NA,"none",FALSE,FALSE,NA,NA,"Y",NA,21,"R2scaled_out",1
"BSH_E890","E890_BSH1987_CPUEtailmp_bshareF_SEASONYEAR_E4_local_ytransnone_sequential_nocov",0.477269965871185,0.659960770794936,0.477269965871185,0.917346532764794,NA,NA,NA,NA,NA,NA,NA,NA,NA,NA,NA,NA,NA,NA,NA,1.67644362639376,2.13713616829485,NA,NA,NA,NA,NA,NA,NA,NA,NA,NA,NA,NA,NA,NA,NA,NA,1.61968871853779,2.13704887839237,0.890723597792435,21.0493037322445,0.825476693872755,NA,NA,NA,NA,NA,NA,NA,NA,NA,NA,NA,NA,NA,NA,NA,NA,NA,NA,NA,NA,NA,NA,NA,NA,NA,NA,0.292135790397997,0.687595365328188,0.681511509191848,10.0683294475681,0.223463451013446,0.867971364314313,10.9683776778518,0.579305886644547,NA,NA,NA,NA,NA,NA,NA,NA,NA,NA,NA,NA,NA,"E",890,"cpue_land_E",1987,"BSH","Brown Shrimp","SEAMAP","CPUE","tailmp","none",NA,"SEASON","YEAR",4,1,"FALSE",NA,"FALSE","TRUE","local",NA,NA,NA,"sequential",NA,NA,"none",FALSE,FALSE,NA,NA,"Y",NA,21,"R2scaled_out",1
"BSH_E20032","E20032_BSH1987_CPUEtailmp_bshareT_SEASONYEAR_E5_local_ytransnone_sequential_nocov",0.463856854730947,0.650909230100016,0.463856854730947,0.904302537394617,1.67639989170293,NA,NA,NA,NA,NA,NA,NA,NA,NA,NA,NA,NA,NA,NA,NA,NA,NA,NA,NA,NA,NA,NA,NA,NA,NA,NA,NA,NA,NA,NA,NA,NA,1.67637979584441,2.13705572777927,0.889807704733949,20.2774538616889,0.822080923382415,NA,NA,NA,NA,NA,NA,NA,NA,NA,NA,NA,NA,NA,NA,NA,NA,NA,NA,NA,NA,NA,NA,NA,NA,NA,NA,0.294441270011896,0.656714437597832,0.684093149794007,9.30743244541753,0.256615796989835,0.866663726922803,10.5991363036006,0.557374134784522,NA,NA,NA,NA,NA,NA,NA,NA,NA,NA,NA,NA,NA,"E",20032,"cpue_land_E",1987,"BSH","Brown Shrimp","SEAMAP","CPUE","tailmp","none",NA,"SEASON","YEAR",5,1,"FALSE",NA,"FALSE","TRUE","local",NA,NA,NA,"sequential",NA,NA,"none",TRUE,FALSE,NA,NA,"Y",1.68,20,"R2scaled_out",1
"BSH_E442","E442_BSH1987_CPUEtailmp_bshareT_SEASONYEAR_E4_local_ytransnone_sequential_nocov",0.46228755041619,0.65428879835607,0.46228755041619,0.909498795736635,1.67639989170293,NA,NA,NA,NA,NA,NA,NA,NA,NA,NA,NA,NA,NA,NA,NA,NA,NA,NA,NA,NA,NA,NA,NA,NA,NA,NA,NA,NA,NA,NA,NA,NA,1.61968871853779,2.13704887839237,0.888193588538103,20.8529924349878,0.818402821300135,NA,NA,NA,NA,NA,NA,NA,NA,NA,NA,NA,NA,NA,NA,NA,NA,NA,NA,NA,NA,NA,NA,NA,NA,NA,NA,0.281753939485713,0.667306949760125,0.681511509191848,10.0683294475681,0.223463451013446,0.867971364314313,10.9683776778518,0.579305886644547,NA,NA,NA,NA,NA,NA,NA,NA,NA,NA,NA,NA,NA,"E",442,"cpue_land_E",1987,"BSH","Brown Shrimp","SEAMAP","CPUE","tailmp","none",NA,"SEASON","YEAR",4,1,"FALSE",NA,"FALSE","TRUE","local",NA,NA,NA,"sequential",NA,NA,"none",TRUE,FALSE,NA,NA,"Y",1.68,21,"R2scaled_out",1
"BSH_E20040","E20040_BSH1987_CPUEtailmp_bshareF_SEASONYEAR_E5_local_ytranslog_sequential_nocov",0.454750960742859,0.645265527400226,0.454750960742859,0.915606729851036,NA,NA,NA,NA,NA,NA,NA,NA,NA,NA,NA,NA,NA,NA,NA,1.67646776239224,2.13713603839498,NA,NA,NA,NA,NA,NA,NA,NA,NA,NA,NA,NA,NA,NA,NA,NA,1.67639989170293,1.60262870342216,0.870430922824233,17.7852106073922,0.793084116279158,NA,NA,NA,NA,NA,NA,NA,NA,NA,NA,NA,NA,NA,NA,NA,NA,NA,NA,NA,NA,NA,NA,NA,NA,NA,NA,0.283133954512941,0.650102212368748,0.602527347614395,7.68072503890292,0.18252172619218,0.732325266546383,6.01248934126123,0.536400071053907,NA,NA,NA,NA,NA,NA,NA,NA,NA,NA,NA,NA,NA,"E",20040,"cpue_land_E",1987,"BSH","Brown Shrimp","SEAMAP","CPUE","tailmp","none",NA,"SEASON","YEAR",5,1,"FALSE",NA,"FALSE","TRUE","local",NA,NA,NA,"sequential",NA,NA,"log",FALSE,FALSE,NA,NA,"Y",NA,18,"R2scaled_out",1
"BSH_E554","E554_BSH1987_CPUEtailmp_bshareF_SEASONYEAR_E4_local_ytranslog_sequential_nocov",0.451817855733837,0.646984911376642,0.451817855733837,0.924053909431821,NA,NA,NA,NA,NA,NA,NA,NA,NA,NA,NA,NA,NA,NA,NA,1.67645710149922,2.1370953277649,NA,NA,NA,NA,NA,NA,NA,NA,NA,NA,NA,NA,NA,NA,NA,NA,6.849437748333e-05,0.817156681264173,0.869070973143674,18.3395555928139,0.789671523586921,NA,NA,NA,NA,NA,NA,NA,NA,NA,NA,NA,NA,NA,NA,NA,NA,NA,NA,NA,NA,NA,NA,NA,NA,NA,NA,0.266376738817196,0.662422143635563,0.554228453772828,6.38544226497231,0.110631841027295,0.811669433937885,8.84703222635333,0.532600407780987,NA,NA,NA,NA,NA,NA,NA,NA,NA,NA,NA,NA,NA,"E",554,"cpue_land_E",1987,"BSH","Brown Shrimp","SEAMAP","CPUE","tailmp","none",NA,"SEASON","YEAR",4,1,"FALSE",NA,"FALSE","TRUE","local",NA,NA,NA,"sequential",NA,NA,"log",FALSE,FALSE,NA,NA,"Y",NA,18,"R2scaled_out",1
"BSH_E20008","E20008_BSH1987_CPUEtailmp_bshareT_SEASONYEAR_E5_local_ytranslog_sequential_nocov",0.439975560070533,0.638205853426402,0.439975560070533,0.907544812502321,1.67610974486383,NA,NA,NA,NA,NA,NA,NA,NA,NA,NA,NA,NA,NA,NA,NA,NA,NA,NA,NA,NA,NA,NA,NA,NA,NA,NA,NA,NA,NA,NA,NA,NA,1.67639989170293,1.60262870342216,0.864997427026153,17.3284603067976,0.78020829391256,NA,NA,NA,NA,NA,NA,NA,NA,NA,NA,NA,NA,NA,NA,NA,NA,NA,NA,NA,NA,NA,NA,NA,NA,NA,NA,0.269757282812652,0.633623565035718,0.602527347614395,7.68072503890292,0.18252172619218,0.732325266546383,6.01248934126123,0.536400071053907,NA,NA,NA,NA,NA,NA,NA,NA,NA,NA,NA,NA,NA,"E",20008,"cpue_land_E",1987,"BSH","Brown Shrimp","SEAMAP","CPUE","tailmp","none",NA,"SEASON","YEAR",5,1,"FALSE",NA,"FALSE","TRUE","local",NA,NA,NA,"sequential",NA,NA,"log",TRUE,FALSE,NA,NA,"Y",1.68,17,"R2scaled_out",1
"BSH_E106","E106_BSH1987_CPUEtailmp_bshareT_SEASONYEAR_E4_local_ytranslog_sequential_nocov",0.437218887316316,0.640557506188366,0.437218887316316,0.917540885688164,1.67639989170293,NA,NA,NA,NA,NA,NA,NA,NA,NA,NA,NA,NA,NA,NA,NA,NA,NA,NA,NA,NA,NA,NA,NA,NA,NA,NA,NA,NA,NA,NA,NA,NA,6.849437748333e-05,0.817156681264173,0.865038063588768,18.0343256574438,0.779015270938445,NA,NA,NA,NA,NA,NA,NA,NA,NA,NA,NA,NA,NA,NA,NA,NA,NA,NA,NA,NA,NA,NA,NA,NA,NA,NA,0.254070687167453,0.645158417106227,0.554228453772828,6.38544226497231,0.110631841027295,0.811669433937885,8.84703222635333,0.532600407780987,NA,NA,NA,NA,NA,NA,NA,NA,NA,NA,NA,NA,NA,"E",106,"cpue_land_E",1987,"BSH","Brown Shrimp","SEAMAP","CPUE","tailmp","none",NA,"SEASON","YEAR",4,1,"FALSE",NA,"FALSE","TRUE","local",NA,NA,NA,"sequential",NA,NA,"log",TRUE,FALSE,NA,NA,"Y",1.68,18,"R2scaled_out",1
"BSH_G20047","G20047_BSH1987_CPUEtailmp_bshareF_SIZEYEAR2_E5_local_ytransgr1_sequential_nocov",0.415830783803297,0.427453402180664,0.415830783803297,0.96304774537192,NA,NA,NA,0.0661423255363868,0.000105393397373717,0.0113306645976334,NA,NA,NA,NA,NA,NA,NA,NA,NA,NA,NA,NA,NA,NA,NA,NA,NA,NA,NA,NA,NA,NA,NA,6.95472664124991e-05,0.066597231267615,7.73890498324075e-05,NA,NA,NA,0.684486464057305,32.8033902364188,0.684230611112286,NA,NA,0.675309569211773,0.272068587449375,0.301808841824138,0.817669905027914,10.2695692628291,0.675457337989393,0.65773556504108,11.9039790460651,0.31805962710512,0.652987895601127,11.0379682680812,0.455897109620408,NA,NA,NA,NA,NA,NA,NA,NA,NA,NA,NA,NA,NA,NA,NA,NA,NA,NA,NA,NA,NA,NA,NA,NA,NA,NA,NA,NA,NA,NA,NA,NA,NA,"G",20047,"cpue_land_G",1987,"BSH","Brown Shrimp","SEAMAP","CPUE","tailmp","none",NA,"SIZE","YEAR2",5,1,"FALSE",NA,"FALSE","TRUE","local",NA,NA,NA,"sequential",NA,NA,"gr1",FALSE,FALSE,NA,NA,"Y",NA,33,"R2scaled_out",1
"BSH_G10323","G10323_BSH1987_CPUEtailmp_bshareT_SIZEYEAR2_E4_local_ytransgr2_sequential_nocov",0.40864486230997,0.550122711973006,0.40864486230997,0.773919994214912,0.401774546028443,NA,NA,NA,NA,NA,NA,NA,NA,NA,NA,NA,NA,NA,NA,NA,NA,NA,NA,NA,NA,NA,NA,NA,NA,NA,NA,NA,NA,0.401774546028443,NA,NA,7.64055055760524e-05,NA,NA,0.796990181759847,22.1248213417365,0.745694139376428,NA,NA,0.554802126770966,NA,NA,0.807891946095301,10.2412950091376,0.597857469873476,NA,NA,NA,NA,NA,NA,0.26407454611948,0.851597631495741,20.6522981428018,0.0774827774517429,NA,NA,NA,NA,NA,NA,NA,NA,NA,NA,NA,NA,NA,NA,NA,NA,NA,NA,NA,NA,NA,NA,NA,NA,NA,NA,NA,NA,NA,"Gsm",10323,"cpue_land_Gsm",1987,"BSH","Brown Shrimp","SEAMAP","CPUE","tailmp","none",NA,"SIZE","YEAR2",4,1,"FALSE",NA,"FALSE","TRUE","local",NA,NA,NA,"sequential",NA,NA,"gr2",TRUE,FALSE,NA,NA,"Y",0.4,22,"R2scaled_out",1
"BSH_F20015","F20015_BSH1987_CPUEtailmp_bshareT_AREA_ASSESSYEAR2_E5_local_ytransgr1_sequential_nocov",0.369983543467394,0.442983820820509,0.369983543467394,0.806545465968675,0.00478723325073988,NA,NA,NA,NA,NA,NA,NA,NA,NA,NA,NA,NA,NA,NA,NA,NA,NA,NA,NA,NA,NA,NA,NA,NA,NA,NA,NA,NA,NA,NA,NA,NA,NA,NA,0.677285319026938,15.8799688826586,0.593493836300106,0.427395726103055,0.312464117800716,NA,NA,NA,NA,NA,NA,NA,NA,NA,NA,NA,NA,NA,NA,NA,NA,NA,NA,NA,NA,NA,NA,NA,NA,NA,NA,NA,NA,NA,NA,NA,NA,NA,NA,NA,NA,NA,NA,NA,NA,NA,NA,NA,NA,NA,"F",20015,"cpue_land_F",1987,"BSH","Brown Shrimp","SEAMAP","CPUE","tailmp","none",NA,"AREA_ASSESS","YEAR2",5,1,"FALSE",NA,"FALSE","TRUE","local",NA,NA,NA,"sequential",NA,NA,"gr1",TRUE,FALSE,NA,NA,"Y",0,16,"R2scaled_out",1
"BSH_E428","E428_BSH1987_CPUEtailmp_bshareT_SEASONYEAR_E3_local_ytransnone_sequential_nocov",0.367017851473747,0.606076116981622,0.367017851473747,0.808698480357862,1.67639989170293,NA,NA,NA,NA,NA,NA,NA,NA,NA,NA,NA,NA,NA,NA,NA,NA,NA,NA,NA,NA,NA,NA,NA,NA,NA,NA,NA,NA,NA,NA,NA,NA,1.67639989170293,0.454684760219973,0.755564921983246,10.7964144624612,0.611076375591876,NA,NA,NA,NA,NA,NA,NA,NA,NA,NA,NA,NA,NA,NA,NA,NA,NA,NA,NA,NA,NA,NA,NA,NA,NA,NA,0.174860839810136,0.579426058042625,0.541420979717035,7.71253706117875,0.156229057768958,0.760772098663634,5.95516040336953,0.532059144608071,NA,NA,NA,NA,NA,NA,NA,NA,NA,NA,NA,NA,NA,"E",428,"cpue_land_E",1987,"BSH","Brown Shrimp","SEAMAP","CPUE","tailmp","none",NA,"SEASON","YEAR",3,1,"FALSE",NA,"FALSE","TRUE","local",NA,NA,NA,"sequential",NA,NA,"none",TRUE,FALSE,NA,NA,"Y",1.68,11,"R2scaled_out",1
"BSH_E876","E876_BSH1987_CPUEtailmp_bshareF_SEASONYEAR_E3_local_ytransnone_sequential_nocov",0.366504630187856,0.605550515354173,0.366504630187856,0.804345923548798,NA,NA,NA,NA,NA,NA,NA,NA,NA,NA,NA,NA,NA,NA,NA,1.67646503015729,1.43715578512114,NA,NA,NA,NA,NA,NA,NA,NA,NA,NA,NA,NA,NA,NA,NA,NA,1.67639989170293,0.454684760219973,0.755925951258201,10.840367346169,0.611706982150549,NA,NA,NA,NA,NA,NA,NA,NA,NA,NA,NA,NA,NA,NA,NA,NA,NA,NA,NA,NA,NA,NA,NA,NA,NA,NA,0.173683437485607,0.57964953091362,0.541420979717035,7.71253706117875,0.156229057768958,0.760772098663634,5.95516040336953,0.532059144608071,NA,NA,NA,NA,NA,NA,NA,NA,NA,NA,NA,NA,NA,"E",876,"cpue_land_E",1987,"BSH","Brown Shrimp","SEAMAP","CPUE","tailmp","none",NA,"SEASON","YEAR",3,1,"FALSE",NA,"FALSE","TRUE","local",NA,NA,NA,"sequential",NA,NA,"none",FALSE,FALSE,NA,NA,"Y",NA,11,"R2scaled_out",1
"BSH_G20023","G20023_BSH1987_CPUEtailmp_bshareT_SIZEYEAR2_E5_local_ytransgr2_sequential_nocov",0.364413748624221,0.485023806409607,0.364413748624221,0.956779820148281,0.401774546028443,NA,NA,NA,NA,NA,NA,NA,NA,NA,NA,NA,NA,NA,NA,NA,NA,NA,NA,NA,NA,NA,NA,NA,NA,NA,NA,NA,NA,0.401774546028443,0.176483528653662,7.73890498324075e-05,NA,NA,NA,0.72939920955268,28.5287962734965,0.699781751299737,NA,NA,0.345139065217524,0.330974392384632,0.415107312062682,0.807461428374606,9.17335324336032,0.609511742690089,0.659045444069001,11.9606073237257,0.313084540227663,0.652988798811564,11.0379682680812,0.455899026307117,NA,NA,NA,NA,NA,NA,NA,NA,NA,NA,NA,NA,NA,NA,NA,NA,NA,NA,NA,NA,NA,NA,NA,NA,NA,NA,NA,NA,NA,NA,NA,NA,NA,"G",20023,"cpue_land_G",1987,"BSH","Brown Shrimp","SEAMAP","CPUE","tailmp","none",NA,"SIZE","YEAR2",5,1,"FALSE",NA,"FALSE","TRUE","local",NA,NA,NA,"sequential",NA,NA,"gr2",TRUE,FALSE,NA,NA,"Y",0.4,29,"R2scaled_out",1
"BSH_C21024","C21024_BSH1987_CPUEtailmp_bshareF_SIZEYEAR_E5_local_ytransgr1_sequential_nocov",0.355941471742432,0.729011389485962,0.355941471742432,0.822810570352809,NA,NA,NA,0.118151672623948,NA,NA,0.654181148960657,NA,NA,NA,NA,NA,NA,NA,NA,NA,NA,NA,NA,NA,NA,NA,NA,NA,NA,NA,NA,NA,NA,6.07926191559586e-05,NA,NA,1.03864090425744,NA,NA,0.876067518982264,13.327164665528,0.694127606521182,NA,NA,0.611772577366474,NA,NA,0.693688634829762,1.33739783875916,0.645853306574929,NA,NA,NA,NA,NA,NA,0.0972453818657664,0.802078299318747,13.3654048245322,0.0668427370495837,NA,NA,NA,NA,NA,NA,NA,NA,NA,NA,NA,NA,NA,NA,NA,NA,NA,NA,NA,NA,NA,NA,NA,NA,NA,NA,NA,NA,NA,"Csm",21024,"cpue_land_Csm",1987,"BSH","Brown Shrimp","SEAMAP","CPUE","tailmp","none",NA,"SIZE","YEAR",5,1,"FALSE",NA,"FALSE","TRUE","local",NA,NA,NA,"sequential",NA,NA,"gr1",FALSE,FALSE,NA,NA,"Y",NA,13,"R2scaled_out",1
