"spp.run","YEAR","landmp","catch.bunit","pop.tot","Best","Urate","Frate","UUmsy","FFmsy","BBmsy","Fmsy","Umsy","Bmsy"
"BSH_G20023",1987,92.4307908255814,37.1363390229979,254.032318252627,254.032318252627,0.146187458660544,0.158043615916944,0.317643518772819,0.25631352403708,1.55965806023381,0.616602719309033,0.460224906289046,162.876930995083
"BSH_G20023",1988,82.2787228410853,33.0574965172771,145.896847001466,145.896847001466,0.226581294912733,0.25693471457352,0.492327320439342,0.416694099016368,0.895748993489265,0.616602719309033,0.460224906289046,162.876930995083
"BSH_G20023",1989,96.9560812118863,38.9544855136025,382.277791059523,382.277791059523,0.101900990391401,0.107474961068786,0.221415636135524,0.174301795472493,2.34703459062022,0.616602719309033,0.460224906289046,162.876930995083
"BSH_G20023",1990,107.969907863049,43.3795607164094,355.0467759995,355.0467759995,0.122179846850575,0.130313543288629,0.26547856315677,0.211341175132439,2.17984691773335,0.616602719309033,0.460224906289046,162.876930995083
"BSH_G20023",1991,88.1957651046512,35.4348134865524,473.009989435909,473.009989435909,0.0749134569627386,0.0778679858058968,0.162775755807724,0.126285505022028,2.90409443833509,0.616602719309033,0.460224906289046,162.876930995083
"BSH_G20023",1992,70.9453571860465,28.5040386762496,193.567818305194,193.567818305194,0.147256082781839,0.159295990844957,0.319965479420086,0.258344612919426,1.18842992142968,0.616602719309033,0.460224906289046,162.876930995083
"BSH_G20023",1993,68.7585061498708,27.6254175939582,179.028236094703,179.028236094703,0.154307600837585,0.167599579863041,0.335287375213612,0.271811288881201,1.09916263157063,0.616602719309033,0.460224906289046,162.876930995083
"BSH_G20023",1994,69.1469231511628,27.7814736583221,304.143197500107,304.143197500107,0.0913433997099748,0.0957880336392572,0.198475568057601,0.15534805578963,1.86731905888679,0.616602719309033,0.460224906289046,162.876930995083
"BSH_G20023",1995,78.3258940167959,31.4693505108701,401.189816267999,401.189816267999,0.078440053148927,0.0816874504329974,0.170438522724501,0.132479873790593,2.46314695283711,0.616602719309033,0.460224906289046,162.876930995083
"BSH_G20023",1996,76.5405473449613,30.7520436622904,203.647155713706,203.647155713706,0.15100649726492,0.163703745544501,0.328114570075179,0.265493064526131,1.25031307054683,0.616602719309033,0.460224906289046,162.876930995083
"BSH_G20023",1997,67.9301566330749,27.2926078428947,206.556432157827,206.556432157827,0.132131483671449,0.14171505468003,0.287101983977511,0.229832029996294,1.26817487839369,0.616602719309033,0.460224906289046,162.876930995083
"BSH_G20023",1998,83.9609066679587,33.7333551606556,331.831734033477,331.831734033477,0.10165801429122,0.107204452766765,0.22088768535133,0.173863087867822,2.03731573284307,0.616602719309033,0.460224906289046,162.876930995083
"BSH_G20023",1999,83.4591669082688,33.5317688964817,376.826206608236,376.826206608236,0.0889847051729679,0.0931955928103887,0.193350477031942,0.151143661699747,2.31356401613198,0.616602719309033,0.460224906289046,162.876930995083
"BSH_G20023",2000,97.0367723131783,38.9869051441926,450.169499337199,450.169499337199,0.0866049459183584,0.0905867930897332,0.188179615520343,0.146912736926047,2.76386285391631,0.616602719309033,0.460224906289046,162.876930995083
"BSH_G20023",2001,91.1522243306936,36.6226435499472,300.932697476416,300.932697476416,0.121697123167605,0.129763782609124,0.264429676674589,0.210449578870716,1.84760785728153,0.616602719309033,0.460224906289046,162.876930995083
"BSH_G20023",2002,76.5558493612333,30.7581916229314,342.556694175715,342.556694175715,0.0897900760542543,0.0940800204204201,0.195100427697977,0.152578017375347,2.10316275044534,0.616602719309033,0.460224906289046,162.876930995083
"BSH_G20023",2003,86.355225563766,34.6953315480659,495.132725727244,495.132725727244,0.070072790072815,0.0726489647935052,0.152257709470433,0.117821349985151,3.03991929797714,0.616602719309033,0.460224906289046,162.876930995083
"BSH_G20023",2004,77.1967014204094,31.0156696680783,371.66968373301,371.66968373301,0.0834495548750714,0.0871381721642396,0.181323421950268,0.141319798689644,2.28190500313534,0.616602719309033,0.460224906289046,162.876930995083
"BSH_G20023",2005,61.0313745173827,24.5208527902133,307.617168056572,307.617168056572,0.0797122376008085,0.0830688726296364,0.173202789574246,0.134720250216742,1.8886478654602,0.616602719309033,0.460224906289046,162.876930995083
"BSH_G20023",2006,88.8617233738858,35.702378567848,743.073318091864,743.073318091864,0.0480469123282856,0.0492395230607174,0.104398766063542,0.0798561561906431,4.56217656823541,0.616602719309033,0.460224906289046,162.876930995083
"BSH_G20023",2007,72.3686096768096,29.0758652996098,406.407274185984,406.407274185984,0.0715436635770052,0.0742319252262075,0.155453697962343,0.120388579066586,2.4951800829195,0.616602719309033,0.460224906289046,162.876930995083
"BSH_G20023",2008,54.871972266047,22.0461617468763,538.862522854987,538.862522854987,0.0409124049489877,0.0417728682793138,0.0888965468620086,0.0677468116360638,3.30840297372287,0.616602719309033,0.460224906289046,162.876930995083
"BSH_G20023",2009,76.4298081592901,30.7075514762398,588.130159438145,588.130159438145,0.0522121693360794,0.0536246090922496,0.113449247580024,0.0869678439828185,3.6108867956009,0.616602719309033,0.460224906289046,162.876930995083
"BSH_G20023",2010,45.4251607938834,18.2506733562315,674.712398188558,674.712398188558,0.0270495597905571,0.0274221331299087,0.0587746543503417,0.0444729357675199,4.14246753095395,0.616602719309033,0.460224906289046,162.876930995083
"BSH_G20023",2011,74.1177458011809,29.778623671921,696.723288085659,696.723288085659,0.0427409621310948,0.0436812471765848,0.0928697285762521,0.0708418010636317,4.27760569792841,0.616602719309033,0.460224906289046,162.876930995083
"BSH_G20023",2012,64.4400855565318,25.8903861205096,600.868091646004,600.868091646004,0.043088302541721,0.0440441619448739,0.0936244474232328,0.0714303725326251,3.68909266631592,0.616602719309033,0.460224906289046,162.876930995083
"BSH_G20023",2013,66.8306229816308,26.8508432092427,413.305294976442,413.305294976442,0.064966124401511,0.0671725197631426,0.141161687500478,0.108939707301999,2.53753120501098,0.616602719309033,0.460224906289046,162.876930995083
"BSH_G20023",2014,69.1304951104172,27.7748732897094,365.421167958644,365.421167958644,0.0760078389680282,0.0790516911080722,0.165153684490711,0.128205226205713,2.24354158520874,0.616602719309033,0.460224906289046,162.876930995083
"BSH_G20023",2015,63.7483824639799,25.6124774245131,598.395494689929,598.395494689929,0.0428019222266784,0.0437449311265736,0.0930021857613166,0.0709450830440617,3.67391189798385,0.616602719309033,0.460224906289046,162.876930995083
"BSH_G20023",2016,50.8367219534846,20.4249008844354,387.875517468307,387.875517468307,0.0526583915833366,0.0540955238976467,0.114418821892843,0.0877315688102484,2.38140241898355,0.616602719309033,0.460224906289046,162.876930995083
"BSH_G20023",2017,56.7865562517467,22.8153928585642,463.158330626548,463.158330626548,0.0492604609479876,0.0505151350720462,0.107035626005537,0.0819249307376614,2.84360914585584,0.616602719309033,0.460224906289046,162.876930995083
"BSH_G20023",2018,70.1205093579895,28.1726358145894,417.573258057519,417.573258057519,0.0674675288011589,0.0698513064094708,0.146596865748039,0.113284136157794,2.56373481196134,0.616602719309033,0.460224906289046,162.876930995083
"BSH_G20023",2019,40.7132314301219,16.3575400751881,421.288446880249,421.288446880249,0.0388274119461856,0.0396012939890141,0.0843661684007164,0.0642249746050284,2.5865446033789,0.616602719309033,0.460224906289046,162.876930995083
"BSH_G20023",2020,41.0013522907786,16.4732997031799,705.749512985901,705.749512985901,0.0233415672275624,0.0236182962830972,0.0507177401931017,0.0383039119736026,4.33302315235303,0.616602719309033,0.460224906289046,162.876930995083
"BSH_G20023",2021,42.0198193110044,16.882493827876,901.43940617667,901.43940617667,0.0187283734349719,0.0189059703168983,0.0406939589297444,0.0306615097936714,5.534481775101,0.616602719309033,0.460224906289046,162.876930995083
"BSH_G20023",2022,30.8697816737563,12.4026925179706,689.658363967485,689.658363967485,0.0179838209263788,0.0181474951283407,0.0390761575060954,0.0294314224703337,4.23422985535198,0.616602719309033,0.460224906289046,162.876930995083
